# Preprocessed by replacing every named entities by their label, directly in the text
science_related,scientific_claim,scientific_reference,scientific_context,tokens
0,0.0,0.0,0.0,knee bit sore guess sign recent treadmilling work
0,0.0,0.0,0.0,mcdonald breakfast stop then gym emoticon emoticon
1,1.0,0.0,0.0,gynecologist cancer experience explain danger transvaginal douching fluoride other toxin such dioxin hashtag pdx
1,1.0,0.0,0.0,couch lock high lead sleep couch get stop do shit
1,1.0,0.0,0.0,daily routine help prevent problem bipolar disorder url
0,0.0,0.0,0.0,impact infertility relationship url
1,1.0,1.0,1.0,traffic jam brain neuron statin relate cognitive decline url
1,1.0,0.0,0.0,play more game improve life save world person person url hashtag
1,0.0,1.0,1.0,effect climate change iceberg production greenland glacier url
0,0.0,0.0,0.0,person person oh loneliness cheeseburger dangerous mix
0,0.0,0.0,0.0,hashtag bbcsportsday honestly think liverpool left back right wing away cl fabio coentrao james rodriguez
0,0.0,0.0,0.0,person damn book lady decide stop fuckin retard ill here day
0,0.0,0.0,0.0,science suck
0,0.0,0.0,0.0,url pay attention classification essay format
1,0.0,0.0,1.0,person person person pls support hashtag nih funding help fight hashtag pancreaticcancer person person hashtag
1,1.0,0.0,0.0,poverty great child labour hashtag risepakistan
1,1.0,0.0,0.0,person drinking chocolate milk prove help relieve muscle soreness workout person dink jy dis waar
0,0.0,0.0,0.0,about just go bed maybe cry little maybe stop breathe okay okay
0,0.0,0.0,0.0,person stop search right person just look good catcher one catch heart start fall
0,0.0,0.0,0.0,hm revenue define tax evasion serious sum involve high number money worthy prosecution url
0,0.0,0.0,0.0,lazy marketer increase rich leader recognize protect chino hills california
0,0.0,0.0,0.0,god dammit poor decision lead negative consequence happen again
0,0.0,0.0,0.0,new post outline solo mapping activity science url perhaps useful other subject too
0,0.0,0.0,0.0,girl ass big enough cause pile hashtag bse hashtag toolive presents hashtag xxxplicit hashtag number dixie hwy hollywood fl time number
1,1.0,0.0,0.0,wise physician say good medicine humans love ask work increase dose
0,0.0,0.0,0.0,zimmerman win lotto people please stop spread krazy rumor
1,1.0,0.0,0.0,think unhealthy living generally think diet exercise diet exercise intricate url
0,0.0,0.0,0.0,hashtag breaking somalia al shabab ambush kenyan force low hashtag juba region url
0,0.0,0.0,0.0,dude people stop retweete fake frank ocean account
0,0.0,0.0,0.0,teach child treat animal responsibly teach captivity join url hashtag freeallcetacea person
1,1.0,0.0,0.0,caution printer cause health problems find more here url
0,0.0,0.0,0.0,hashtag youknowyouinthehoodwhen see tagging all stop sign shit
1,0.0,1.0,1.0,mdlinx blog mdlinx blog neuropsychological finding pediatric maltreatment relationship ptsd url
0,0.0,0.0,0.0,rt person barrick gold report number money loss url
0,0.0,0.0,0.0,let stop talk anus
0,0.0,0.0,0.0,mortgage rate continue low ahead url hashtag mortgage
0,0.0,0.0,0.0,person hashtag zodiacareus lavender scent associate hashtag gemini so reason loveeeeeeee lavende
1,1.0,0.0,0.0,number percent cat bear blue eye deaf
1,1.0,0.0,1.0,person person person person person number study indicate brain atrophy cause stress religion
1,1.0,0.0,0.0,thinking cause mind create negative scenario replay painful memory
1,1.0,1.0,1.0,sleep boost brain cell number url
0,0.0,0.0,0.0,please read request support wonderful charity continue pray helen wade michelle url
0,0.0,0.0,0.0,person stop ahahahah year sex ed
1,1.0,1.0,1.0,versatile micrornas choke cancer blood supply suppress metastasis science daily press release url
0,0.0,0.0,0.0,nerd sprawl oral history apple design url
1,1.0,0.0,0.0,person medieval time red hair associate intense sexual desire moral degradation person
0,0.0,0.0,0.0,person god see knw yr heart fighter continue stand strong pray
1,1.0,0.0,0.0,person do bill gun law fucking world stop mentally ill killer kill people
0,0.0,0.0,0.0,yay bianca mt person cancer suck show support person affect positive change now sign petition url
0,0.0,0.0,0.0,little bellend have stop cry oh my god get grip
0,0.0,0.0,0.0,wavy pound cake freestyle url support record one just send person
0,0.0,0.0,0.0,world stop el classico rule even stop play fifa
0,0.0,0.0,0.0,guy singing no woman no drive good video support saudi women challenging driving ban thi url
0,0.0,0.0,0.0,fold suit shirt pants together prevent wrinkling url
1,0.0,1.0,1.0,modeling precision treatment breast cancer look great url
1,1.0,0.0,0.0,person think legalise prostitution state decrease sexual abusing pls give reply mam
0,0.0,0.0,0.0,aegon uk rise earning url
0,0.0,0.0,0.0,person eye gift send straight god boy hahahaha
0,0.0,0.0,0.0,amazon plan lower cost process big datum cloud url hashtag socialmedia
1,1.0,1.0,1.0,hashtag multiple hashtag births cost significantly more single births study show url
0,0.0,0.0,0.0,taxi
1,1.0,0.0,0.0,existence absolute poverty today point indifference many rich world url person
0,0.0,0.0,0.0,gta v heists demand increase pressure rockstar url hashtag gtav
0,0.0,0.0,0.0,let hope make glad patient time trouble never stop pray hashtag
0,0.0,0.0,0.0,leafs play average game pittsburgh mistake lead leafs goal penguin deserve w
0,0.0,0.0,0.0,cindy starfall promote cindy starfall url fan vote person
1,1.0,1.0,1.0,europa moon jupiter have gigantic ocean icy surface crack shoot water jet space url
0,0.0,0.0,0.0,hashtag wreckingbail number rally support fire bogota mayor colombians believe petro dismissal threaten person
0,0.0,0.0,0.0,isis supports wells fargo visa card wells fargo isis emoticon mobile commerce joint venture create url
1,1.0,1.0,1.0,lucky find toe fossil unlock genetic encyclopedia neanderthal url
0,0.0,0.0,0.0,damn dragon go back bed stop breathe fire everywhere
0,0.0,0.0,0.0,person medium stop look caste identity start look performance mlas ministers official policeman person
0,0.0,0.0,0.0,hashtag weloveandmissyouzayn hashtag onedirectionpleasedoafollowspreefornewyear rt support gay right
0,0.0,0.0,0.0,goal follow number stop number drop number number open shop
0,0.0,0.0,0.0,hildersham villager unite stop pub closure person person url
1,1.0,1.0,1.0,person study show infection increase risk stroke heart attack url
0,0.0,0.0,0.0,look fun science activity cold month ahead january science calendar url person
0,0.0,0.0,0.0,person hashtag congbjpquitindia stop false propaganda url hashtag unitedwithaap
0,0.0,0.0,0.0,microsoft say product demand remain high reports record number money revenue url
0,0.0,0.0,0.0,trekstock hold london la so stop spread rumour
0,0.0,0.0,0.0,dog stop fuckin snore
0,0.0,0.0,0.0,cesar stop whole war go break cheerleading
0,0.0,0.0,0.0,hashtag revenge interesting character non stop action full twist great new thriller url xvva
1,1.0,0.0,0.0,law lead guilt guilt lead struggle struggle lead failure failure lead more guilt guilt lead more sin hopelessness
0,0.0,0.0,0.0,floral hall wedding fayre sunday mar proceed door go person please come support hashtag tunstall hashtag stoke
0,0.0,0.0,0.0,noble die number deaths til heart change hashtag wearethepeople
1,0.0,1.0,1.0,biology belief unleash power consciousness matter miracle bruce lipton scientist turn mystic
0,0.0,0.0,0.0,supposedly grow man stop talk flappy bird group chat only topic discussion today
0,0.0,0.0,0.0,hey guess new twitter new phone so yea please lik direct tweet nd please follow thank luvs bii
0,0.0,0.0,0.0,person exactly be link cause text message send just perform follow
0,0.0,0.0,0.0,yep eat vegetarian today geez person piglet smoothie fed sow prevent disease activists outraged url
1,1.0,0.0,0.0,warning bible reading habit form cause loss fear anxiety side effect joy love peace contentment
1,1.0,0.0,1.0,hashtag trainhealth research find improvement sleep quality link weight loss mean flat stomach mean well sleep
0,0.0,0.0,0.0,niggas jus need live stop stressing
0,0.0,0.0,0.0,north korea put yorkshire terriers zoo url
0,0.0,0.0,0.0,person hashtag gop hashtag immigrationreform still hand hashtag latism stop fight hashtag tntweeter person url
1,0.0,1.0,1.0,new hiv breakthroughs mean future disease healthy living yahoo shine url
1,1.0,1.0,1.0,spice diet great fat loss url
0,0.0,0.0,0.0,retirement home law need review person report hashtag number url
1,0.0,1.0,1.0,digital life look decade prediction optimistic mind control url
1,0.0,1.0,1.0,person small step man quantum leap particle kind url url url
1,1.0,0.0,0.0,determination lead success good day life hashtag nowplaying
0,0.0,0.0,0.0,blonde girl starts masturbate leads quick fuck url hashtag movie hashtag music hashtag ass hashtag lol hashtag video
0,0.0,0.0,0.0,url specialise provide modular ground study course require convert icao professional
0,0.0,0.0,0.0,more great printing work person help launch new brand identity url
0,0.0,0.0,0.0,person deep get stop so deep
0,0.0,0.0,0.0,find alien exercise
0,0.0,0.0,0.0,underground just stop hoe emoticon emoticon emoticon
1,0.0,1.0,1.0,neurobiological bases abnormal aggression violent behaviour url
0,0.0,0.0,0.0,raise number money place martin salary number money eighth sec
1,1.0,0.0,0.0,dark skin protector against cancer url
0,0.0,0.0,0.0,missouri senate pass sale tax increase road breakingnews kansascity url
1,1.0,0.0,1.0,leed certify building often less energy efficient un certify one url
0,0.0,0.0,0.0,job durham nc sr network security engineer support network based security infrastructure provide sec url
0,0.0,0.0,0.0,may special sign number money number money saving need more money love candle work home selling url
0,0.0,0.0,0.0,hate people take good pic zayn stop take so many grease ball
0,0.0,0.0,0.0,unbelievable day hashtag today so many people say same thing one else do stop friday learn
1,1.0,0.0,0.0,number surprising ways social media affecting healthcare social medium frontiers url
0,0.0,0.0,0.0,person song basically start trend stop bully emoticon hashtag
1,1.0,0.0,0.0,hashtag beijing hashtag china see significant increase armed hashtag police presence street url
0,0.0,0.0,0.0,photo san diego wildfire lead evacuation number home washington post url
1,1.0,1.0,1.0,uk population eat too much sugar saturate fat salt url
0,0.0,0.0,0.0,even superman have get job moral story stop save free hashtag flye url
0,0.0,0.0,0.0,person desoto need stop spend money football team win state fix bathroom emoticon emoticon emoticon emoticon
0,0.0,0.0,0.0,selector infected wixoss cause sharp decline card sales url
0,0.0,0.0,0.0,miss june vruc hashtag jazz hashtag clm meeting deliver better requirements expert systems url hashtag rationaluc
1,0.0,1.0,1.0,person new york state set precedent pass law support quackery here great post url
0,0.0,0.0,0.0,person person hashtag projectxvegeta support immense description
0,0.0,0.0,0.0,polygamisogynist number peaceful tolerant have number wife treat unkind unequalitarian manner
0,0.0,0.0,0.0,soccer twitter promote number sport
0,0.0,0.0,0.0,honestly surprised iran win upset theme world cup
0,0.0,0.0,0.0,weight loss plateau cause solutions frustrating problem url htt http url
0,0.0,0.0,0.0,people jealous automatically call justin associate hoe thot like stop
1,0.0,0.0,1.0,person person hashtag iteams research url hashtag innovation hashtag publicsector
0,0.0,0.0,0.0,birthday dinner biscuit rice krispie treat courtesy person solid minute home tumbling church emoticon hashtag hangry
0,0.0,0.0,0.0,smoke cigarette turn emoticon
0,0.0,0.0,0.0,come bus stop watch firework emoticon
0,0.0,0.0,0.0,people got stop international shirt today start wear american shirt hashtag usa
0,0.0,0.0,0.0,learn yesterday live today hope tomorrow important thing stop question albert einstein
0,0.0,0.0,0.0,pray eat note scholar call rhetorical question hashtag firstdatequestion
0,0.0,0.0,0.0,truuu person mixed signal bitch lol
1,1.0,1.0,1.0,number cbs census data show shortage stem workers url hashtag wiunion
0,0.0,0.0,0.0,person lady stop knee high gladiator sandal pls hashtag fixitjesus
0,0.0,0.0,0.0,person person please help support movie base true story writer url hashtag jacobandi
0,0.0,0.0,0.0,bird stop cherpe
0,0.0,0.0,0.0,person person person person person same people believe statistic science
0,0.0,0.0,0.0,head coach survey scene heritage park url
1,1.0,0.0,0.0,adversity cause man break other break record
0,0.0,0.0,0.0,disabled vehicle center lane block rt number nb ex rt stop go traffic ex rt delay number min hashtag traffic
0,0.0,0.0,0.0,hashtag telaviv israelis protest hashtag gazaunderattack call israeli government stop attack url
0,0.0,0.0,0.0,magic little grant wish reality
0,0.0,0.0,0.0,person proud associate rox well organise professionally run oh great hospitality thank
0,0.0,0.0,0.0,make sure get mate person gig tomorrow raise money amazing too person url
0,0.0,0.0,0.0,environmental lawyer real thing think fictional occupation create person person url
0,0.0,0.0,0.0,attorney dea announce result invest distribution performance enhance drug minor athlete miami
0,0.0,0.0,0.0,person also url report down
1,1.0,0.0,0.0,take aspirin day year cut chance bowel stomach cancer increase chance stroke internal bleeding
0,0.0,0.0,0.0,person person person lovely night again lady get stop espresso martini though
0,0.0,0.0,0.0,number rat tumor hashtag mtvhottest example
0,0.0,0.0,0.0,all probably flea color throwing up get stop point right emoticon
0,0.0,0.0,0.0,min person process finalize scholar trans policy address safety learner school
1,1.0,0.0,1.0,new study suggest marijuana increase positivity reduce negativity emotional processing
1,1.0,0.0,0.0,overthinke lead negative thought
1,1.0,0.0,0.0,furthermore drink more water alone actually aid lose weight
1,1.0,1.0,1.0,desperate climate scam scientist explain record high antarctic sea ice extent cause global warming url
0,0.0,0.0,0.0,tune dawn news hear great expert analysis zafar hilali
0,0.0,0.0,0.0,person pick bad ex bielema ark support research cfb coach overpay url
1,1.0,1.0,1.0,aggregate economic rate return foreign hashtag aid channing arndt sam jones finn tarp wider url
1,0.0,1.0,1.0,concussion breathalyser propose url publish september number
0,0.0,0.0,0.0,next profit economic revival next report strong rise half year profit high house price an url
1,0.0,1.0,1.0,hashtag implementationscience article describe intervention program aim reduce late life depression symptom
0,0.0,0.0,0.0,child fallen soldiers relief support survive military child visit hashtag donate url hashtag va hashtag dav
0,0.0,0.0,0.0,cosplay video interview atc femme fatale nicole salera see video interview url
1,1.0,0.0,0.0,also cancer virtually incurable cancer different
0,0.0,0.0,0.0,check overview encouraging hashtag bible study book load benefit url hashtag christian hashtag jesus
0,0.0,0.0,0.0,person research say fire missle center scar appear plane explode there metal
0,0.0,0.0,0.0,student need support team peer exceed expectation quiet doubter deserve presence
0,0.0,0.0,0.0,thank recent love support twitch yt give huge person bundle soon so stay tuned
0,0.0,0.0,0.0,search warrant lead arrest cocaine sales pleasanton url
0,0.0,0.0,0.0,number real life dolls creepier annabelle number real life doll number time scary annabelle no really
0,0.0,0.0,0.0,bali women number smooth you side support underwire bra style number hashtag number url url
0,0.0,0.0,0.0,vice president biden visit likely cause delay rush hour here list area avoid url
0,0.0,0.0,0.0,full extend bro stop person person welcome kobe url push emoticon emoticon emoticon
1,1.0,0.0,0.0,ebola health care system mishap
0,0.0,0.0,0.0,social media unnecessary thing cause so much drama
0,0.0,0.0,0.0,wait childish let stop emoticon lol
0,0.0,0.0,0.0,person person tag report number other ppls hashtag austinmahonesexiest
0,0.0,0.0,0.0,monday drag
0,0.0,0.0,0.0,hashtag ebola discuss school use blog promote hashtag factsnotfear url number more blog out week person
0,0.0,0.0,0.0,day end qe torrent earning report continue major stock index future low number percent
0,0.0,0.0,0.0,mr chakane thank medium psl saps safa global icon south africans support meyiwas mulaudzis mwelases
1,0.0,0.0,1.0,lupus research institute awards number money discover cause lupus url
0,0.0,0.0,0.0,person report problem flight url
1,1.0,1.0,1.0,know eat affect productivity level url
0,0.0,0.0,0.0,function human brain url
0,0.0,0.0,0.0,student stop student center sign poster lunch time wish women soccer team good luck url
0,0.0,0.0,0.0,plan hashtag pizza treat saturday check person change identity url
1,1.0,0.0,0.0,perfect tooth turn
1,1.0,1.0,1.0,fifth us high school student use tobacco find survey url
0,0.0,0.0,0.0,people treat physical illness mental illness url
1,1.0,1.0,1.0,excessive drinking woman number drink number occasion oei most heavy drinkers alcoholic url
0,0.0,0.0,0.0,sono release controller update ios android multi account support more url hashtag music hashtag sound hashtag premiumaudio
1,1.0,0.0,1.0,hearingloss occur gradually age hashtag diabetes play role url url rt
0,0.0,0.0,0.0,speak softly carry person fbi reportviolent crime continue decrease gun sale esc
0,0.0,0.0,0.0,person idea smash have huge increase yesterday like number entrant nowhere
0,0.0,0.0,0.0,number pure red car smd brake tail stop light lead bulbs full read ebay price usd url
0,0.0,0.0,0.0,need tell santa check list twice still prevent time check time use attack
0,0.0,0.0,0.0,hashtag florida courthouse stop wedding avoid perform hashtag gay ceremony url hashtag gaymarriage hashtag gayright
0,0.0,0.0,0.0,hashtag rezissocold call radio station rezroad report am get frozen injun insurance quote jake statefarm
1,1.0,1.0,1.0,climate change cause irreversible impacts action take ipcc nature world news url
0,0.0,0.0,0.0,day stop sex please url hashtag brazzer hashtag realityking hashtag mofos hashtag hashtag nsfw hashtag porn hashtag sex hashtag hot
0,0.0,0.0,0.0,person baker stop make doughnut get tired hole thing follow smile please love
0,0.0,0.0,0.0,indonesia retrieve crash airasia flight data recorder channel news asia url
0,0.0,0.0,0.0,beagle url find bloody thing
0,0.0,0.0,0.0,person due process justice
0,0.0,0.0,0.0,person need more money black clothe
0,0.0,0.0,0.0,person campaigner gather preston hand signature petition urge lancs co co stop hashtag fracke url
0,0.0,0.0,0.0,mfs go datum plan just twatch people emoticon emoticon
0,0.0,0.0,0.0,first gig person didcot support excellent person fri feb url person
0,0.0,0.0,0.0,hashtag ff person prove friendship much more high nationality buzz follow awesome tweet tl emoticon emoticon emoticon emoticon emoticon
1,1.0,0.0,0.0,person nuclear weapon real deadly problem entire popul world deal url hashtag
0,0.0,0.0,0.0,bundle resource bundle resource simple module provide separate service resource entry nod url
0,0.0,0.0,0.0,video engineer integrate hashtag desktop hashtag mobile url hashtag futureofwork
1,1.0,0.0,0.0,macroeconomic impact micro intervention important reason poverty persist url
0,0.0,0.0,0.0,twitter roll update introduce group messaging video support url hashtag android url
1,0.0,1.0,1.0,big data big obstacles social science hashtag bigdata ty person et al url person
0,0.0,0.0,0.0,join team need more info email bgaribaldi person hashtag getconnecte url
0,0.0,0.0,0.0,person get a game easy hell bart oppose giants game cool
1,1.0,1.0,1.0,depression underreporte man url
0,0.0,0.0,0.0,eyeball tattoos bizarre disturbing new trend url url
0,0.0,0.0,0.0,rt person legislation increase transparency rfp process approve full ga today thank person patrone
0,0.0,0.0,0.0,lol niggas dark movie scene need more lighting
1,0.0,0.0,1.0,house science committee anti nsf witch hunt now demand information grant physical science url
1,0.0,1.0,1.0,cope level explanation behavioral science url
1,1.0,0.0,0.0,check b healing stone magnet pillow stop pain body url person
1,0.0,1.0,1.0,diabetes research new registry aim improve outcomes url hashtag ncdr
0,0.0,0.0,0.0,icymi harrison ford fair moderate condition crash plane us report say url url
1,1.0,1.0,1.0,psychedelic drug use reduce psychological distress suicidal thinking hashtag science url url
0,0.0,0.0,0.0,relationship look good paper be few t more leo url
1,1.0,1.0,1.0,cassini confirm hydrothermal activity ocean saturn moon brooks hayswashington march upi nas url
0,0.0,0.0,0.0,relationship look good paper be few t more leo url
1,1.0,1.0,1.0,people sight loss face number percent high cost everyday living say new study url
1,0.0,1.0,1.0,person new test tube study dietary functional benefit bartlet url hashtag
0,0.0,0.0,0.0,marc marc jacobs fold person line report person url hashtag fashion hashtag retail
0,0.0,0.0,0.0,country hold number kurds find pro kurdish protest wrong avidly support pro palestine one url
1,0.0,1.0,1.0,european union turkey post arab spring era mapping strategic interests turbulent neighborhood url
0,0.0,0.0,0.0,chance person person comment increase confidence police positive way
0,0.0,0.0,0.0,foot gas just tryin pass red light stop sign
1,1.0,0.0,0.0,company report number percent increase attempt cyber security breach url hashtag dginsights hashtag cybersecurity url
1,1.0,1.0,1.0,study shift electricity generation spur net job growth coal job decline person url
0,0.0,0.0,0.0,horse chase lead arrest beat url url
0,0.0,0.0,0.0,overzealous dangerous patriotism school nurse refuse treat student stand pledge allegiance url
0,0.0,0.0,0.0,person person just need more playing time other good frustrating
1,1.0,0.0,0.0,coumadin decrease sex drive man url
0,0.0,0.0,0.0,reason be disproportionate number patriots fan work white house
0,0.0,0.0,0.0,approx number house collapse hashtag barpak hashtag gorkha epicenter hashtag nepalquake report state radio reporter hashtag gorkha
0,0.0,0.0,0.0,child molester dream rt person parent urge support free range cont url
0,0.0,0.0,0.0,cyber security webinar start now challenges associate defend cyber threats url
0,0.0,0.0,0.0,own idea hidden ammonite loaf hammer person geologist despair hashtag geobakeoff url
1,1.0,1.0,1.0,organic feed world url
1,1.0,0.0,0.0,more sex lead more happiness reveal new study surprised tech times url
0,0.0,0.0,0.0,nuke deal hashtag iran increase terror hashtag islamicextremism hashtag stopgodfatherofisis see emoticon video clip emoticon url url
1,0.0,1.0,1.0,hashtag dressgate number research team explore science hashtag blueandblack hashtag whiteandgold dress url person
0,0.0,0.0,0.0,spc tornado watch number status reports url
1,0.0,0.0,1.0,hashtag support research thalassemia aids cure
0,0.0,0.0,0.0,person london guardians feature jaza stop buy dolphin taiji url hashtag thecove
0,0.0,0.0,0.0,wistrich last article stop downplay hashtag antisemitism muslim world world stage url url
1,1.0,0.0,0.0,hashtag physicalactivity imp age esp help strengthen bone muscle prevent fall hashtag activeageing url
0,0.0,0.0,0.0,person honor prior tonight person game first pitch get there around support rams hashtag letsgovcu
1,1.0,1.0,1.0,virgin bear sawfish first wild url url
0,0.0,0.0,0.0,look number person ktla story step member monday pm special thank number person number support url
0,0.0,0.0,0.0,dear telltale stop suck game thrones dick make tale borderlands sincerely trustfungus
0,0.0,0.0,0.0,thank support emoticon emoticon hashtag hawaii hashtag oahu hashtag lunch hashtag sunday hashtag cardio hashtag fitness hashtag fitspo hashtag cool url
0,0.0,0.0,0.0,update police identify find dead house fire release url
1,1.0,0.0,0.0,beauty tips blood sugar support cardiovascular health dietary supplement number bottles url hashtag number
0,0.0,0.0,0.0,hashtag weightloss hashtag program conquering excess weight diet program failure statistics url hashtag ladygaga hashtag diet
1,1.0,1.0,1.0,near fast day month reduce body fat study find w link url url
1,0.0,1.0,1.0,treatment hashtag metastaticcolorectalcancer focus hashtag panitumumab url url
0,0.0,0.0,0.0,be medicine man treat hashtag fakecase hashtag hashtag purushayog url person
0,0.0,0.0,0.0,person nickie saw make twit support page plz send info group mention email person
0,0.0,0.0,0.0,mazda open le mans hour return engineer charge win car tell tg want url hashtag car
0,0.0,0.0,0.0,quick water stop person liverpool hashtag gottahydrate url
0,0.0,0.0,0.0,student life hashtag number valentine hashtag date metrosexuality lower body strength url hashtag rtbyme hashtag chivalry
0,0.0,0.0,0.0,hashtag polita eric abetz threaten state liberals support marriage equality man thug stand liberals conscience
1,1.0,0.0,0.0,pain change people
0,0.0,0.0,0.0,political science url
1,1.0,0.0,1.0,earth science examine structure composition planet url
0,0.0,0.0,0.0,people hate stupid hashtag dontjudgechallenge need stop so sensitive get social medium
1,1.0,0.0,0.0,carbon footprint glass milk shrink number last year improved health nutrition genetic hashtag
0,0.0,0.0,0.0,magic emoticon emoticon hashtag weirdwater hashtag science hashtag url url
0,0.0,0.0,0.0,person local nc rap artist look gain local support hashtag followback very much appreciate thank
0,0.0,0.0,0.0,yes gilinsky look so much more sexy johnson mean support number jack only hashtag johnsonmatter
0,0.0,0.0,0.0,new post hashtag beertoday hashtag beer kernel stop saturday bar session url kernel brewery london cease
0,0.0,0.0,0.0,marilyn go great day live promote cruisin heartland url
0,0.0,0.0,0.0,number finns support hashtag fennovoima nuclear plant url
0,0.0,0.0,0.0,next time look bella notice number shoulder high other ogre
0,0.0,0.0,0.0,person person person girl now build bridge heavens stop there
0,0.0,0.0,0.0,turkey provide air support hashtag syria opposition url hashtag breaking hashtag lemonde hashtag news
1,1.0,0.0,0.0,hashtag deal new improved unique color therapy lamps light promotes wellness health url hashtag beauty url
0,0.0,0.0,0.0,person mait devoted number promote stds open tech long pende national centre e gov stds tech person hashtag sme
0,0.0,0.0,0.0,carrefour reports sharp decline profit url hashtag wsj hashtag usbusiness url url
1,1.0,1.0,1.0,brain extraordinarily good alert threat url
1,1.0,1.0,1.0,woman feel temperature differently man woman feel temperature differently man url
0,0.0,0.0,0.0,take constant break about day now stop pls
0,0.0,0.0,0.0,ariwinokur rate question google analytics gb space more url
1,1.0,1.0,1.0,weed good bone yes stephanie pappas live science contributor url url
1,1.0,0.0,0.0,fart help reduce high blood pressure good health funny healthy url hashtag physio hashtag hert
0,0.0,0.0,0.0,retweet know game fav join war search disciples need more consistent people emoticon url
1,1.0,1.0,1.0,hashtag climatechange rise temp increase hashtag health hashtag risk several way url hashtag climateaction url
0,0.0,0.0,0.0,person tell fulani settler stop intimidate terrorise indigenous nation westafrica url
0,0.0,0.0,0.0,black man stop have sex black hooker url
0,0.0,0.0,0.0,bill stop police cellphone intrusions pass legislature hashtag news hashtag la hashtag losangeles url
0,0.0,0.0,0.0,video process hand make book old fashioned way lost magical art url
1,0.0,1.0,1.0,understand public perception risk regard outdoor pet cat inform hashtag conservation action hashtag acceptedarticle url
0,0.0,0.0,0.0,patient prolong undiagnosed medical condition sign national person program seek answer url hashtag rarepov
0,0.0,0.0,0.0,uk government act stop council divest israeli occupation url hashtag bds hashtag armstrade
1,1.0,0.0,0.0,happy less sleep require function everyday life sadness increase urge sleep more
0,0.0,0.0,0.0,person good point url
0,0.0,0.0,0.0,alternative ways get menstrual pain relief url
1,1.0,0.0,0.0,high school fact change people
0,0.0,0.0,0.0,lubicon cree nation turn solar power end fossil fuel nightmare please support coverage url person
0,0.0,0.0,0.0,interest somehow person hashtag hashtag
0,0.0,0.0,0.0,tomato planting tips lead healthy tomato plant url
0,0.0,0.0,0.0,support direct community learn stop destructive mining project oaxaca url url
0,0.0,0.0,0.0,norad blimp loose blimp associate norad surveillance east coast become untethered url
0,0.0,0.0,0.0,samsung display technologies support vision affordable excellence high education url url
0,0.0,0.0,0.0,underwear stop fly
1,0.0,1.0,1.0,hashtag eurekamag development monozoic form echinococcus granulosus culture url
0,0.0,0.0,0.0,hope ion get talk judge go look high hell
1,0.0,0.0,1.0,george hashtag boole boolean logic inventor b otd cork plaque url hashtag person url
1,0.0,1.0,1.0,hashtag eurekamag culture schistosoma haematobium effect immune sera url
0,0.0,0.0,0.0,always apply title make introduction good judgment good manner must
1,0.0,1.0,1.0,hashtag eurekamag consumption fate aflatoxin number lactate cow url
0,0.0,0.0,0.0,hashtag new habit start now change life join facebook group support url
0,0.0,0.0,0.0,usb quick connect mini portable dr video recording camera url url
0,0.0,0.0,0.0,hashtag lebanon lufthansa cabin crew strike affect number passenger url via person
0,0.0,0.0,0.0,person want murder stop sidewalk cafe attend concert
0,0.0,0.0,0.0,number live ticket pick number many associate group
0,0.0,0.0,0.0,epilepsy vaccination url tvm person find heart feel get well wish person jeremey emoticon
1,0.0,1.0,1.0,ptsd twice likely for url hashtag conscioushealthsolution hashtag health
0,0.0,0.0,0.0,person accord delusional leftist academic interview person good way number stop isis terror ostracise muslims
1,1.0,1.0,1.0,study find number percent earth modern groundwater renewable human lifetime earth changes url
0,0.0,0.0,0.0,attenborough solar energy undercut oil bang money url
0,0.0,0.0,0.0,india stand hashtag chennai hashtag aap mla increase salary
0,0.0,0.0,0.0,hashtag honduran army go war invade bug url
1,1.0,0.0,0.0,low sun angle reflective surface fresh snow slow melting process snowpack hashtag ndwx url
0,0.0,0.0,0.0,so stripper just wait save stop stripper
1,1.0,1.0,1.0,hashtag climatechange affect food security url hashtag url
0,0.0,0.0,0.0,lady date busty gentleman wear manssiere titty support
0,0.0,0.0,0.0,cyberanonymous reuters armed man shoot pennsylvania walmart report url url
1,0.0,0.0,1.0,video keith flaherty talk genetic cancer hashtag targetedtherapy hashtag clinicaltrial precision medicine url
0,0.0,0.0,0.0,hashtag usafricabf notice paris teacher stab man yell support hashtag isis url url
0,0.0,0.0,0.0,person stop life emoticon
1,1.0,1.0,1.0,speak galaxy milky way now visible person person soho lasco image url url
1,1.0,1.0,1.0,mactive study use personalized text pedometer smartphone increase physical activity url hashtag activitytracker
0,0.0,0.0,0.0,good web hosting free domain free site builders free support day money back guarantee url
0,0.0,0.0,0.0,good morning person supporters emoticon follow support official hashtag bhc handle hashtag india person rt tweet plz
0,0.0,0.0,0.0,person hello discover secret force enable person evolve superman check url
1,1.0,0.0,0.0,proof gun bans increase murder rates url url
0,0.0,0.0,0.0,url new edit wikipedia article spatial analysis url url
1,0.0,1.0,1.0,hashtag eurekamag thirteenth swedish weed conference url
1,0.0,1.0,1.0,hashtag eurekamag thematic role aphasia conceptual knowledge linguistic assignment url
1,0.0,1.0,1.0,bayes theorem big deal url url
1,1.0,1.0,1.0,upright position first stage labour reduce duration labour risk c section url
1,1.0,0.0,0.0,hard work never fail start work stop complain work appreciate emoticon
1,1.0,1.0,1.0,hashtag eurekamag eclosion hormone release brain action central nervous system silk moth url
1,0.0,1.0,1.0,hashtag eurekamag cucumber mosaic virus associate rna ii translation wheat germ protein synthesis system url
1,1.0,0.0,0.0,hashtag severe fibromyalgia symptom link obesity weight gain url url
1,0.0,1.0,1.0,hashtag eurekamag chromosome relationship lolium festuca gramineae url
1,0.0,1.0,1.0,hashtag eurekamag binding vitamin rat transcobalamin ii free vitamin plasma membrane isolate rat url
0,0.0,0.0,0.0,big finish podcast big finish day part number nicholas briggs report last weekend url hashtag drwho hashtag doctorwho
0,0.0,0.0,0.0,people please just stop complain get life emoticon
1,1.0,0.0,0.0,know hashtag highbloodpressure cause hashtag erectiledysfunction hashtag menshealth url url
1,1.0,1.0,1.0,hashtag eurekamag influence dietary protein susceptibility alert downer syndrome url
1,0.0,1.0,1.0,hashtag eurekamag translation long live messenger ribonucleic acid dry seed url
0,0.0,0.0,0.0,person person person maybe be romance begin just old friend hang
0,0.0,0.0,0.0,small tribe w big voice vows stop chinese oil drilling amazon url hashtag keepitintheground url
0,0.0,0.0,0.0,person retweet support world vision education children person hashtag globalgoodemiwin url
1,0.0,1.0,1.0,interesting work do boston identify way cancer develop url hashtag beatcancer hashtag melanoma
0,0.0,0.0,0.0,excellent also recommend dishonest goldsmith g hashtag selgin url url
0,0.0,0.0,0.0,mesut özil reject new contract hashtag arsenal ready quit barcelona claim report spain url
0,0.0,0.0,0.0,nfl salary cap expect increase number money url
1,1.0,0.0,0.0,good pass often lead good shot extra pass often lead great shot hashtag selfless hashtag assist
0,0.0,0.0,0.0,last day vibe affect today come join journey moon back am url
1,0.0,1.0,1.0,get extra day do your read susheila nasta intro late issue url
1,0.0,1.0,1.0,put survivor life health risk say report return abuser url
0,0.0,0.0,0.0,final years pg look career support summer person url
1,1.0,0.0,0.0,proper preparation prevent poor performance
1,0.0,1.0,1.0,magnetic resonance imaging finding giant cell arteritis url hashtag oftalmologia
0,0.0,0.0,0.0,brief analysis change pickup price last year url
0,0.0,0.0,0.0,scene almost guarantee cause acrophobia love film hashtag cliffhanger url
0,0.0,0.0,0.0,vice always house big bruh run emoticon search guns n drugs mane shit fun
1,0.0,0.0,1.0,brexit implication life science url
1,1.0,1.0,1.0,strawberry help prevent type number diabetes say study url
0,0.0,0.0,0.0,so mother tell girl study psychology happy meet talk psycho
0,0.0,0.0,0.0,scary horse dog win support wen beat hindus hindus find support wen beaten slaughter butcher dog
1,0.0,1.0,1.0,cga non specialist url person person hashtag
0,0.0,0.0,0.0,person bulk sms solution allow business communication mobile marketing url url
1,0.0,0.0,1.0,person shape future science find april url url
1,0.0,1.0,1.0,mechanism metformin tale sites free url
1,1.0,1.0,1.0,violence lead death americans yr old person research youth violence prevention url
0,0.0,0.0,0.0,sweep lead number arrests foiled plot paris brussels connection najim laachraoui blow himsel url
1,1.0,1.0,1.0,person rare variant find raise hdl cholesterol increase risk coronary heart disease url
0,0.0,0.0,0.0,nurse practitioner physician a hashtag newauburn wi url get nephrology jobs hashtag nephrology hashtag job hashtag job hashtag getalljobs
1,1.0,1.0,1.0,go vegetarian save life planet url
1,1.0,1.0,1.0,nanotechnology new weapon fight cancer url
0,0.0,0.0,0.0,person person person listen gospel radio station couple hour confirmation bias so obvious
0,0.0,0.0,0.0,today city light civic centre clock tower blue support autism awareness learn more url
1,0.0,1.0,1.0,ask giant bone crush weasel relative extinct thankfully url person url
1,1.0,0.0,0.0,employment change life someone disability url
1,1.0,0.0,0.0,benefit music stress relief boost immunity reduce heart disease enhance emotional strength boost self esteem
0,0.0,0.0,0.0,tired us politic too support true monster day reach stretch goal url url
0,0.0,0.0,0.0,hashtag devops engineer hashtag informationtechnology hashtag mclean hashtag rnjobs hashtag txjobs hashtag hiring hashtag jobopening hashtag rtjobs apply url
1,1.0,0.0,0.0,volume caps pills male sex enhancement increase semen massive load more libido bid now url url
1,1.0,1.0,1.0,small brain raven crow just as clever chimp url
0,0.0,0.0,0.0,indian premier league number beleaguered r ashwin find support spin legend muttiah muralitharan tough url
0,0.0,0.0,0.0,pls rt support hashtag grandson vet friend certainly support hashtag specialneed child url
0,0.0,0.0,0.0,bangladesh government enable extremism kingston whig standard url
0,0.0,0.0,0.0,wardrobe malfunction lead embarrassing bare incident weekend ufc action url
0,0.0,0.0,0.0,losangele step up number hashtag adopt a homeless shelter hashtag pets visit la county animal care center hashtag dogs hashtag cat url
1,1.0,1.0,1.0,highway noise deter communication bird url
1,1.0,1.0,1.0,woman worried man do same job high pay accord report person url
0,0.0,0.0,0.0,antique rooster trade sign door stop original paint embossed work url url
0,0.0,0.0,0.0,person yeah awesome guarantee win number player play bad affect rest
0,0.0,0.0,0.0,only true love first sight love deen love because allah god
1,1.0,0.0,1.0,accord number study man feel decrease sexual attraction scent tear
0,0.0,0.0,0.0,let stop texte people back emoticon emoticon
0,0.0,0.0,0.0,person dove stop torture animal plz sign url
0,0.0,0.0,0.0,person target end product root penalise rest continue
1,0.0,1.0,1.0,strange familiar forgotten fascinating read consciousness memory sense self arise url
0,0.0,0.0,0.0,buhari year apc legal adviser say party stop undemocratic practices url url
0,0.0,0.0,0.0,pony choke frothing beat overworked overload awareness need raise stop suffering url
0,0.0,0.0,0.0,want reevaluate expensive private school education too apparently bit light english research url
0,0.0,0.0,0.0,husband die soon care leave wreck url
0,0.0,0.0,0.0,person hashtag competition treat emoticon emoticon
1,1.0,1.0,1.0,hashtag renewableenergy surge record level world url url
0,0.0,0.0,0.0,point now understand plant temperament vulnerable also strong become hashtag precision hashtag agtech
0,0.0,0.0,0.0,rotiboy bakeryshop person low ground hashtag rotiboy hashtag bakery hashtag bakeshop hashtag promo hashtag onebelpark url
0,0.0,0.0,0.0,use code noguns url number percent hashtag tea sale go prevent gun violence promote hashtag guncontrolnow url
1,0.0,0.0,1.0,war science win greg laden blog thinker writer ind url hashtag science hashtag ntld
0,0.0,0.0,0.0,hashtag junior devops engineer hashtag job hashtag jobsearch hashtag new york hashtag ny new york interested join late sta url
0,0.0,0.0,0.0,halo war number have mouse support xbox number url
1,1.0,1.0,1.0,topical application antiretroviral drug combination prevent transmission url url
0,0.0,0.0,0.0,emoticon tweetsheet emoticon petitions part number emoticon support fight slaughter hashtag southkorea url url
0,0.0,0.0,0.0,sale support artist please read just card campaign matter so much person url
0,0.0,0.0,0.0,somalia army reports killing number al shabab militants url
1,0.0,1.0,1.0,number state become leader manage revenue volatility url url
0,0.0,0.0,0.0,rouge bat second reason furrie thing next lola bunny animal version morrigan aensland url
0,0.0,0.0,0.0,hashtag met unlikely trade shortstop prospect amed rosario year deadline report marc carig newsday
0,0.0,0.0,0.0,edmonton city councillor support basement suite duplex infill home url
0,0.0,0.0,0.0,islam isis muslim obamas brotherhood treat woman person take number money country url
0,0.0,0.0,0.0,person need oral history laker let get away
0,0.0,0.0,0.0,asymmetrical matter url hashtag science url
0,0.0,0.0,0.0,bizarre hashtag may become pm say hashtag tory mp member hashtag corbyn un electable pm widespread support member
0,0.0,0.0,0.0,ran propane halfway grilling horror story
0,0.0,0.0,0.0,url concrete ark house float facilitate natural rainwater runoff hashtag greenclean
1,1.0,0.0,0.0,q connection shellfish allergy iodine wilderness medical associates international url
0,0.0,0.0,0.0,montgomery commander allied ground force d day probably like know nato support ukraine nazis url
0,0.0,0.0,0.0,art hand never execute high heart inspire waldo emerson
0,0.0,0.0,0.0,hashtag promocave book news update amy schumer stop naperville book tour url hashtag book
0,0.0,0.0,0.0,chaotic tour end cancellation cap nightmare tour united person report url url
1,1.0,0.0,0.0,adverse hashtag effects hashtag hashtag marijuana hashtag cannabis hashtag seed hashtag sale hashtag hashtag hashtag grow hashtag cannabis hashtag indoors url
1,0.0,1.0,1.0,incredible brain simone biles url url url
1,1.0,0.0,1.0,sars china help ramp us medical intelligence program url
0,0.0,0.0,0.0,tennis support theory though murray carry nation here url
1,1.0,0.0,0.0,read facebook comment minute scientifically prove drop iq number percent
1,1.0,0.0,0.0,change essential growth leadership holy spirit become url
0,0.0,0.0,0.0,arianne phosphate report corporate financial result second quarter url hashtag investorsbuz rt
0,0.0,0.0,0.0,hilarious article base scary url
1,1.0,0.0,0.0,technology stop snore forever url
0,0.0,0.0,0.0,only people stop interfere other people business emoticon emoticon emoticon emoticon emoticon emoticon emoticon emoticon
0,0.0,0.0,0.0,submit google classroom save drive hw edmodo note google classroom go google docs url
0,0.0,0.0,0.0,suggestion order cake reason next year so learn celebrate pie url
1,0.0,1.0,1.0,danish datum fantastic australian collaborator look traumatic non traumatic neck pain url
0,0.0,0.0,0.0,roller coaster stops bethany cancer journey hashtag relationships url hashtag enovaaw hashtag kindleunl url
0,0.0,0.0,0.0,firmware update bring hdr support url url
0,0.0,0.0,0.0,person person person smoke adolescence multiple decade seem problem
0,0.0,0.0,0.0,so hence prove review stop good movie hashtag irumugan hashtag inkokkadu hashtag chiyaan
0,0.0,0.0,0.0,person person denial high blood sugar please number get help
0,0.0,0.0,0.0,person d have get score stop number
0,0.0,0.0,0.0,nbc matter people like damn already lester need get debate stop wallflower
0,0.0,0.0,0.0,break news snake stop bullet train url
0,0.0,0.0,0.0,hashtag umpquacares campaign promote act kindness year shoot katu url hashtag kindness
0,0.0,0.0,0.0,today woman spend enough time money fret pointlessly random body part brow health url
0,0.0,0.0,0.0,hashtag breaking gas leak lead explosion northern new jersey url url
0,0.0,0.0,0.0,amazon ecs now support automate task image cleanup url url
1,1.0,0.0,0.0,cool therapy help cardiac arrest patient url
0,0.0,0.0,0.0,company move scottsdale affect number employee url url
0,0.0,0.0,0.0,person trading beginner expert support link person
1,0.0,1.0,1.0,empower peace service provision state legitimacy hashtag nepal peace building process url url
0,0.0,0.0,0.0,lead ios engineer jobs santa monica ca hashtag santamonica hashtag ca hashtag job hashtag jobsearch url
0,0.0,0.0,0.0,person october wear jean support pediatric patient person interest call number url
0,0.0,0.0,0.0,instead blabbering arnab ask modi ban import china support pak just antinational hashtag whytalktopak
0,0.0,0.0,0.0,hashtag hillarybecause racist cop use force stop violent thug rape murder
0,0.0,0.0,0.0,hashtag inkigayo start number min please play word m v increase count last minute hashtag sechskie url
0,0.0,0.0,0.0,find sunscreen strong enough prevent bust flame outside hashtag everydayvampireproblem
0,0.0,0.0,0.0,person release dynamic content ad standard aim increase relevancy ad deliver consumer url
0,0.0,0.0,0.0,creative way increase success rate cold calling yoram url
0,0.0,0.0,0.0,prolab recruit optical networking role uk url us url hashtag optical career url
1,1.0,0.0,0.0,matt ridley climate policy do more harm good url
0,0.0,0.0,0.0,sometimes pray patient go long way add feeling support hashtag healthxph url
0,0.0,0.0,0.0,muslims insult call ignorant pain inflict url ignorant do knowingly
0,0.0,0.0,0.0,hashtag devil tweets cory make huge stop number remain regulation hashtag tblvsnjd url hashtag nhl url
1,1.0,0.0,0.0,number lie tell man decrease significantly woman stop ask question
1,1.0,1.0,1.0,hashtag sepsis complication infection deadly person report more here url person
1,1.0,1.0,1.0,collaborative care support planning key approach respond people multimorbidity person url
1,1.0,1.0,1.0,rt bbcsciencenews database help plant right tree right place url
0,0.0,0.0,0.0,hashtag canada deeply sadden step take withdraw court encourage african voice speak support hashtag icc hashtag
0,0.0,0.0,0.0,so person launch stinging attack john mcdonnell say labour accept brexit trade union support crew
0,0.0,0.0,0.0,open graffiti request iphone intersection franklin st market st url url
0,0.0,0.0,0.0,dude defense running prevent again play sideline keep get outta bound stop clock
0,0.0,0.0,0.0,number only day off week brave cold stay day relax have ice cream treat
0,0.0,0.0,0.0,number technique agent use get real estate lead url total luxury dream home reality hashtag didi
0,0.0,0.0,0.0,let us join mind stop spread hiv world hashtag hashtag worldaids hashtag tikambe
1,1.0,0.0,0.0,indian real estate see increase number mn unit number city next year url
1,1.0,0.0,0.0,number way subscription box service increase customer retention url
1,1.0,0.0,0.0,so israels reason attack murder destruction palestinian people simply hate ethnic cleansing url
1,0.0,1.0,1.0,url
1,0.0,1.0,1.0,satellite tell animal fare change climate person url hashtag climatechange hashtag biodiversity url
0,0.0,0.0,0.0,department transportation proposes mandatory talk car technology prevent c url url
0,0.0,0.0,0.0,hashtag thursdaythoughts liberals need stop cry baby spoiled brat comedy grow url
1,0.0,1.0,1.0,engineering rice waste less fertilizer url url
1,1.0,0.0,0.0,rt healingmb stress stretching reduce stress increase circulation reduce pain hashtag healing hashtag yoga url
0,0.0,0.0,0.0,forex dollar broadly low fed meeting minute url hashtag forex
0,0.0,0.0,0.0,volunteer come punjab person movement support aap hat love punjab url
1,1.0,0.0,0.0,pain change people
0,0.0,0.0,0.0,person world tour make pit stop chicago person write url
1,1.0,0.0,0.0,happy less sleep require function everyday life sadness increase urge sleep more
1,1.0,1.0,1.0,harvard research estimate hashtag aca repeal cause number people die year otherwise live url
1,1.0,0.0,0.0,conservative know legally take abortion go actually stop people get abortion
0,0.0,0.0,0.0,international student person come meet international student support team thursday quiz scottish food meet new people url
1,0.0,1.0,1.0,china struggle top andrew nathan new york review books url
0,0.0,0.0,0.0,apple reports record first quarter result url
0,0.0,0.0,0.0,cownose ray beat bats suffocated fishermen stop slaughter url person
0,0.0,0.0,0.0,person person good then spare pile irrelevant research
0,0.0,0.0,0.0,hashtag fedex stop transport dolphin air carrier dolphin trade die hashtag opseaworld url
0,0.0,0.0,0.0,japan new regulations affect bitcoin exchange japan recently overtake us china url hashtag bitcoin
1,0.0,1.0,1.0,hashtag prnewswire additional result pivotal ra beam study publish new england url
0,0.0,0.0,0.0,person person obviously hashtag number ask recommendation lead future bill legilslation do trump hashtag sigh
0,0.0,0.0,0.0,poll support hashtag marijuana grow weed hashtag texas hashtag warondrug url
0,0.0,0.0,0.0,late times report call trump team russia url
1,1.0,1.0,1.0,innovation infection control mathematics support new way classify virus base structure url
0,0.0,0.0,0.0,person carpet amazing great support british industry
0,0.0,0.0,0.0,person stop false name call debate rationally instead play card
0,0.0,0.0,0.0,please give hashtag ff person work child young people family promote healthy lifestyle url
1,1.0,1.0,1.0,future medical perspective gut bacteria revolutionise hashtag medicine url person person person url
0,0.0,0.0,0.0,train always stop track morning people have place emoticon emoticon
1,1.0,0.0,0.0,hashtag number rapidketosis premium exogenous ketone supplement weight loss never easy url hashtag prepare hashtag food
0,0.0,0.0,0.0,trump promise number large military buildup ever number percent increase obama budget barely buildup let alone large
1,1.0,0.0,0.0,number fear illness poverty national disgrace also cause huge number live perpetual state stress
0,0.0,0.0,0.0,person ugh really mezzo drama root always same really grow at all yeah pythag arc pls
0,0.0,0.0,0.0,papehal congrat spm candidate tak kisah la dapat result macam mana pun keep move success stop here
0,0.0,0.0,0.0,number people today support person proud represent borough url
0,0.0,0.0,0.0,doj announce file federal corruption charge philadelphia da afternoon inquirer report url
0,0.0,0.0,0.0,know offer residentially base masters program learn more here url url
1,1.0,1.0,1.0,methane hydrate killer earth great mass extinction url warning hashtag elsevier malicious company
0,0.0,0.0,0.0,police band together show support officer charge abdi death url hashtag ottnews hashtag ottawa url
1,0.0,1.0,1.0,power science amazing url
1,1.0,1.0,1.0,feminism get close hashtag neoliberalism hashtag capitalism today nanette funk challenge nancy fraser url
0,0.0,0.0,0.0,california take step protect stanislaus tuolumne merced low san joaquin rivers url
0,0.0,0.0,0.0,person person report passenger remove flight replace united airlines staff url url
0,0.0,0.0,0.0,person person correction stupid people vt support trump clinton get number percent hashtag trump get utterly embarrassing number percent vote most vters smart
1,1.0,0.0,0.0,myth warm increase vertical jump true false hashtag nba see url url
0,0.0,0.0,0.0,goper sign dems get dem support just smart politic minority party get thing do more bipartisan url
1,1.0,0.0,0.0,seek perfection trading lead massive loss url
1,1.0,0.0,0.0,student athlete different specie url
0,0.0,0.0,0.0,go economist
0,0.0,0.0,0.0,remember lib attack person conceal carry stance right again man stop killer msm blast hashtag thursdaythoughts url
0,0.0,0.0,0.0,number framework master hashtag machinelearning url person
0,0.0,0.0,0.0,first ice cream sweet treat person hashtag boxerdog hashtag boxer hashtag dogsoftwitter hashtag dogslife hashtag icecream hashtag boxerworld hashtag boxersofinstagram hashtag puppy url
0,0.0,0.0,0.0,climate activist shut chase bank seattle person report url
1,1.0,0.0,0.0,lack free will unwillingness exercise functionally equivalent
1,0.0,1.0,1.0,story tear apart last person expect die childbirth url
0,0.0,0.0,0.0,norwegian government strongly oppose norw labour union decision hashtag boycott hashtag israel need more cooperation dialogue boycott url
0,0.0,0.0,0.0,hashtag sport hashtag fitness buy now number money ueasy knee pad breathable support crashproof antis url url
0,0.0,0.0,0.0,good start more information need support customer buy more healthy less unhealthy food supermarket url
0,0.0,0.0,0.0,deficiency mean native americans
1,1.0,1.0,1.0,want fight homelessness prevent displacement research san mateo county today url person
0,0.0,0.0,0.0,try time mean stop try
0,0.0,0.0,0.0,person person person person person person person person person person person person person person person person person person person person person person moreso first issue fail research more issue encompass afghanistan iraq situation onward
1,1.0,1.0,1.0,cycling safe infrastructure car dangerous hashtag bicycleequity let control narrative url
0,0.0,0.0,0.0,person person backporte vita resogun shit pretty inferior graphic low framerate game
0,0.0,0.0,0.0,new morning trump communication director mike dubke leave submit resignation letter person report url
0,0.0,0.0,0.0,accidental drowning rule missing woman death url url
1,1.0,0.0,0.0,person sharp increase report abuse traveller particularly non white cbp ice personnel url
0,0.0,0.0,0.0,crave sweet here perfect baked summer treat url hashtag bake hashtag recipe url
0,0.0,0.0,0.0,orrv more more support number look good emoticon emoticon emoticon emoticon number money owcp chro number money dewm sfor usrm number money frzt lgbs flpc icnb cbis number money
0,0.0,0.0,0.0,make great time quite stop refreshment real bathroom emoticon person person url
1,1.0,0.0,0.0,european market well investment us market analyst say url hashtag stock hashtag market url
0,0.0,0.0,0.0,person statement regard hashtag us president recent tweet violence hashtag mexico url
0,0.0,0.0,0.0,person african american republicans enough reason killing murder
0,0.0,0.0,0.0,person person person nabil sickos full stop prey white girl never hear christian groom gang preying muslim girl hashtag uk come
0,0.0,0.0,0.0,person person person person souless demon emoticon stop torture hashtag china hashtag stopyulinforever emoticon
0,0.0,0.0,0.0,leave toxic relationship surround urself people treat right want good beautiful recommend
1,0.0,0.0,1.0,rise bilingual hashtag sciencejournalism hashtag person person person person url
0,0.0,0.0,0.0,help emoticon rt project promote peace tolerance url hashtag donorschoose hashtag charity hashtag kidsdeserveit hashtag mindfulness
0,0.0,0.0,0.0,person know be many way promote game game idea just put steam probably bad
0,0.0,0.0,0.0,person person maybe mueller have hire only hrc donor repub donor refuse part number investigation still look scandal
1,1.0,1.0,1.0,stress worsen chemical harms pregnancy url
1,0.0,0.0,1.0,keep check late person article soon roundtable person landmark book hashtag mytwitteranniversary url url
1,1.0,1.0,1.0,study find increase patient engagement lower adverse event icu setting url hashtag ptsafety hashtag patientengagement
0,0.0,0.0,0.0,person person person person person person stop cruelty undecided r
0,0.0,0.0,0.0,wonderful wednesday lakeland village open wednesday number stop number ave use number number url
0,0.0,0.0,0.0,court stops illinois law force christian doctors pregnancy centers promote abortion person url
0,0.0,0.0,0.0,person person hashtag savesmackoutpack incomplete investigation support extermination hashtag savesmackoutpack url
0,0.0,0.0,0.0,so comic book cover version movie poster trend comic con complain url
0,0.0,0.0,0.0,masaki yoda number stop url hashtag hashtag japan hashtag information
0,0.0,0.0,0.0,person person hey kevin just clarify ring video recording accessible homeowner share local police immediately
0,0.0,0.0,0.0,no matter educate talented rich cool believe treat people ultimately tell
0,0.0,0.0,0.0,report box code number company service command terminate
0,0.0,0.0,0.0,wrong able eat as many gummy worm want seem par cure cancer moment url
0,0.0,0.0,0.0,result equal retention stop sell wrong thing discover more club industry show hashtag cishow url person
0,0.0,0.0,0.0,exclusive costa make number request leave hashtag cfc course last season report person url url
1,1.0,1.0,1.0,definition polycystic ovary syndrome harm woman url hashtag sciencepolicy
0,0.0,0.0,0.0,person now day many mature people treat idol issue as serious world war
0,0.0,0.0,0.0,person person north korea warn upcoming us south korea military exercise reckless behavior url
1,0.0,0.0,1.0,person wow lot cancer research support trump surprise
1,1.0,0.0,0.0,gratitude killer antidepressant
0,0.0,0.0,0.0,hashtag box office hit youths kids family audience full support hashtag hashtag url
0,0.0,0.0,0.0,debt too expensive person help debtor stop hashtag collection call hashtag free hashtag fintech hashtag startup hashtag miami url
0,0.0,0.0,0.0,remove statue fix society url
0,0.0,0.0,0.0,person alone rescue number people emergency system overwhelmed mark strassmann report now url
0,0.0,0.0,0.0,maintenance engineer deeside total staff hashtag defence hashtag job url
0,0.0,0.0,0.0,person life stop el gilipollas que amarga
0,0.0,0.0,0.0,person ul recommend publication emoticon straightforward base successful career solid leadership charisma
0,0.0,0.0,0.0,person good job tight stop look good now
0,0.0,0.0,0.0,option jenna round twist oral history book immediately url
1,0.0,1.0,1.0,post show real mistake count cellphone go hike url
0,0.0,0.0,0.0,disaster loom scheming remainers plot join force rival stop brexit url
0,0.0,0.0,0.0,stock usdjpy stumble north korean h bomb test threat reports url
0,0.0,0.0,0.0,us isolation bell curve international opinion asia times url
0,0.0,0.0,0.0,person person person haberman enable trump tweet writing fahrenthold report accuracy fact
1,0.0,0.0,1.0,science meaning imagination bring human back science url url
0,0.0,0.0,0.0,url flood support suspend wa reverend australian url
0,0.0,0.0,0.0,tom petty die cardiac arrest report url
0,0.0,0.0,0.0,person guy have stop point podio get way too unstable affect business
0,0.0,0.0,0.0,disabled car clear right shoulder hashtag chulavista nb h st stop go traffic back telegraph cyn hashtag sdtraffic
0,0.0,0.0,0.0,avaya help company deliver digital hashtag customerexperience integrated support hashtag mediachannel url url
0,0.0,0.0,0.0,hashtag dundee office support hashtag thebraeridingforthedisabled charity ball raise number see full film charity url
0,0.0,0.0,0.0,person hy release dance video wedding great superb dancer man act tooo good reply plxx
1,1.0,1.0,1.0,combination treatment target glucose advanced brain cancer show promise result url url
1,1.0,0.0,0.0,number percent americans support pathway citizenship have remove fear hashtag protectdreamers now hashtag axefiles
0,0.0,0.0,0.0,breaking person report iraqi govt force shia millitia move hashtag kirkuk
0,0.0,0.0,0.0,odd eye circle trick treat repack know
0,0.0,0.0,0.0,person take note us corps business do hey person good time stop advertise hate site hashtag alligatorbrewing
0,0.0,0.0,0.0,person hopefully typhoon prevent emoticon
1,1.0,0.0,0.0,export control exploit waassenaar signatory prevent catastrophic cyberwar hashtag ruxpanel
0,0.0,0.0,0.0,send theresa may lecture release brexit impact study government sit transparency eh hashtag highered url
1,1.0,1.0,1.0,scientist unlock mystery ebola use people immune defense cause infection hashtag scientist hashtag ebola hashtag defense url
0,0.0,0.0,0.0,yes people vote support talent only look url
1,1.0,1.0,1.0,develop country education strongly tie parent education more so developed world url url
0,0.0,0.0,0.0,person mmmmmhmmmm yeah ok sure well expect say yes collude trail lead number mueller comin
0,0.0,0.0,0.0,have bloody fun halloween courtesy chemistry url
1,1.0,1.0,1.0,scientist link pancreatic cancer survival number genes url
0,0.0,0.0,0.0,imgn immunogen report recent progress third quarter operating result stock news alerts app
0,0.0,0.0,0.0,top booster pickens tweet support gundy url
1,1.0,0.0,0.0,treat other reflect feel
0,0.0,0.0,0.0,url corey feldman report child abuse claim police long allege url
1,0.0,1.0,1.0,inclusion health address cause cause hashtag sdoh person url
0,0.0,0.0,0.0,trump trade fairness reciprocity stern warning cheaters url person
1,0.0,0.0,1.0,florence herbert irving give number money person person dramatically advance hashtag cancer research treatment build decade support person person url
1,1.0,1.0,1.0,optical sensor light particle dynamics ocean sarah lou carolin giering url hashtag marinebiology hashtag oceanography hashtag opticalsensor hashtag ocean hashtag climatechange
1,0.0,1.0,1.0,hashtag parkinson people biotech company acorda therapeutics yesterday announce halt new recruitment phase iii program drug tozadenant oral adenosine receptor antagonist url url
0,0.0,0.0,0.0,person omar seem idiot ignoran dude major turn off
0,0.0,0.0,0.0,see before production process general diode fast recover rectifier url
0,0.0,0.0,0.0,number way get rid muscle knots low url hashtag muscleknot hashtag backpain url
1,0.0,1.0,1.0,editorial overview hollow porous materials lithium ion battery anode manab kundu juniper online journal material science url
1,1.0,0.0,0.0,person go pay increase hashtag onhealth care require care number rise expect teenage marijuana intoxication pot legalization come effect colorado experience raise alarm hashtag onpoli afford ignore url
0,0.0,0.0,0.0,tired brooklyn transit hub finally get attention new york city official aim transform broadway junction pass through destination stop office store restaurant other amenity url
0,0.0,0.0,0.0,hashtag facebook report progress remove extremist content url url
1,1.0,1.0,1.0,delay hip fracture surgery day tie slightly high mortality risk url person url
0,0.0,0.0,0.0,period stop sentence
0,0.0,0.0,0.0,trump recognize hashtag jerusalem israel capital next week report url url rt december
1,1.0,0.0,0.0,suicide now third lead death african americans age
1,1.0,1.0,1.0,person hashtag opioid hashtag erectile dysfunction hashtag hypertension hashtag number common denominator see nitrogen narcosis url erectile dysfunction url url number drug multiple me use url url
1,1.0,1.0,1.0,arctic get warm twice as fast rest planet cause more drought california url url
1,1.0,1.0,1.0,october stem cell studies build momentum therapy age associated frailty miller school medicine university miami url person hashtag longevity hashtag antiage hashtag stemcell
1,0.0,0.0,1.0,forbidden word vulnerable entitlement diversity fetus evidence base science base url
0,0.0,0.0,0.0,person liberty interest family encompass interest retain custody number child thus state interfere parent custodial right absent due process protection langton maloney number f supp url url
1,1.0,1.0,1.0,smoke free law actually curb number lung cancer case url
0,0.0,0.0,0.0,democratic caucus hold presser show support mayor city council work remove confederate statue url
1,0.0,1.0,1.0,history imperfect child special issue person free article adhd world person url
0,0.0,0.0,0.0,person person person person person person person person person person person follow retweet support democrat candidate several special election come up hashtag flipitblue hashtag emoticon
0,0.0,0.0,0.0,former salesman accuse lie fbi irs agent robert degoria accuse try mislead investigator look ongoing lower southampton corruption probe url
0,0.0,0.0,0.0,congratulation person win tommrw work person person game premium match hashtag interested whatsapp retweet emoticon open report here
0,0.0,0.0,0.0,concept stop mean people reason
0,0.0,0.0,0.0,person proper training pleasure associate your
1,1.0,1.0,1.0,green manuring better soil physical condition akingbola oo dayo olagbende go agricultural research technology open access journal artoaj url url
0,0.0,0.0,0.0,radar update rain increase today tonight expect rainy breezy day thursday dry weekend hashtag wawx url
0,0.0,0.0,0.0,city design enable healthy lifestyle learn more number klcc hashtag hashtag hashtag person person person person online registration end january url url
0,0.0,0.0,0.0,yes yes yes emoticon emoticon emoticon promote araneta first number concert time breathe pause breathe hashtag jadinerevolution hashtag jadineloverules url
0,0.0,0.0,0.0,file under death url
0,0.0,0.0,0.0,number scientifically proven ways lose weight few week url
1,0.0,1.0,1.0,ottawa charter still important guide url url
1,1.0,1.0,1.0,gender discrimination science especially common url new person report show woman face more workplace hurdle stem job non stem job via person url
0,0.0,0.0,0.0,give coal very good chance continue extend exist life person watch emoticon have doubt intention turnbull govt dirty energy guarantee hashtag neg hashtag dirtyenergyguarantee url
0,0.0,0.0,0.0,fbi agent issue statement support fbi director url top number story web url
0,0.0,0.0,0.0,youtube tv now support select roku device url
0,0.0,0.0,0.0,quite ironic interference judicial process suppose reason maldives regime ousting nasheed coup hashtag maldivesincrisis
1,1.0,1.0,1.0,perhaps most madden be actually people know ecigarette as harmful cigarette nonetheless consider success url
0,0.0,0.0,0.0,epso honor guard conduct flag ceremony raise lower flag use detective flick service flag fly minute take ceremony begin pm today url
0,0.0,0.0,0.0,happy vday lover out there world run need more love so keep lovin
1,0.0,0.0,1.0,conference mental health nursing take place september manchester hashtag open submission deadline april url
0,0.0,0.0,0.0,person offer course high school student summer attribute person election whitelash motivate staunch white resistance even revenge racial equity url hashtag news
1,0.0,0.0,1.0,march person workshop human environment system bring together researcher present advance protect biodiversity control specie invasion create resilient ecosystem much more url url
0,0.0,0.0,0.0,fantastic entry school plate tectonic competition invergordon academy geography class emoticon teachers still have time enter receive free poster url hashtag platetecotnic hashtag teaching hashtag geography hashtag geology hashtag earth person url
0,0.0,0.0,0.0,new post rbml person madeline oral history collection url hashtag wrinkleintime
1,1.0,0.0,0.0,use cookie mentality increase patient satisfaction collect more payment hashtag techblog hashtag startup url
1,1.0,1.0,1.0,study marijuana decriminalization lead decrease arrests increase youth use url
0,0.0,0.0,0.0,person person take moment watch vow stop part party country problem url
0,0.0,0.0,0.0,turkey aim welcome number people troy bid significantly increase number people disappoint historical site url
0,0.0,0.0,0.0,enter regulatory excellence awards win great work highlight public business benefit good practice awful easter pun stop open detail entry form url person url
0,0.0,0.0,0.0,handsonreinvest hashtag international hashtag realestate hashtag investor increase demand url hashtag realestate hashtag rodmrrealestate hashtag tampa hashtag florida hashtag realestate hashtag investor
1,0.0,0.0,1.0,winner number college datafest url hashtag asadatafest
0,0.0,0.0,0.0,teenager hashtag abbotslangley arrest support person part nca investigation email contain threat student receive large number uk school college read more url url
0,0.0,0.0,0.0,former state department official person sign open letter hashtag reconnectjulian url support wikileaks here url
0,0.0,0.0,0.0,government stop subsidise e sport real sport url
1,0.0,1.0,1.0,gain twice as much opponent repeat prisoner dilemma url person url
0,0.0,0.0,0.0,know need less expensive merch more tour date finally stop sleep good song url
1,0.0,1.0,1.0,just touch japan visit fukushima number most surprising thing learn non radiation relate harm often misunderstanding radiation social determinant health ignore peril so complex url url
0,0.0,0.0,0.0,unpaid internship mark privilege wow pam eddinger rock hashtag philaunite
0,0.0,0.0,0.0,person help establish proper wrist action hashtag golfswing switch kickboxe glove self coach technique number power control hashtag kickboxing glove easy work provide great feel golf swing sequence url url
1,0.0,1.0,1.0,fitness tracker url url
0,0.0,0.0,0.0,liverpool initiate talk number money portuguese midfield ace report url hashtag lfc
1,1.0,1.0,1.0,thank drs person person guidance true honor health sensors smart home devices internet medical thing opportunity dramatic improvement care lower extremity complications diabetes url url
0,0.0,0.0,0.0,wenger genius sell sanchez united stop spurs reach final genius
0,0.0,0.0,0.0,look cool moulting crab find hashtag mbioroscoff field trip hashtag plymbio url
0,0.0,0.0,0.0,uchiyama study math
0,0.0,0.0,0.0,exo l food support right now jollibee emoticon emoticon thank phixo hashtag elyxioninmanila url
0,0.0,0.0,0.0,hey here great thing person person person talk drag gender wrestler support nobodies
1,0.0,1.0,1.0,essence philosophy find do well put heart soul physic then passion bongo perhaps hashtag url
0,0.0,0.0,0.0,hashtag beaware hashtag hashtag mentalhealth hashtag spreadawareness support need hashtag yoursupportmatter hashtag mentalhealthawarenessmonth hashtag keeptalkingmh hashtag iamstigmafree url
0,0.0,0.0,0.0,person then tell moron stop riot border israel just protect
1,1.0,0.0,0.0,talk hashtag suicide increase chance go help reach help main message say person discuss mainstream medium portrayal hashtag mentalhealth issue watch video url url
0,0.0,0.0,0.0,person president budget target federal worker retiree jeopardize retirement security way treat middle class household hashtag rejectallcut
1,1.0,0.0,0.0,hashtag shame powerful emotion experience recover hashtag eatingdisorder shame seem win counter hashtag selfcompassion url url
0,0.0,0.0,0.0,chairman person process migrate fund datum new enterprise resource planning erp include beneficiary loan detail management note discrepancy loan url
1,0.0,0.0,1.0,breaking astronaut alan bean fourth man walk moon die number url
0,0.0,0.0,0.0,oh piss cotchin stop hog limelight all mighty bombers today emoticon
0,0.0,0.0,0.0,late nspku film legendary film maker person nspku you tube film nspku conference snow more snow stop tom conference huge sucess url
0,0.0,0.0,0.0,person hope meet boy really soon deserve so much so sweet beautiful person hope well really happy have fun life take thing too serious so beautiful
0,0.0,0.0,0.0,person cohen president americans know well believe press say fake news intent cause havoc
1,1.0,1.0,1.0,new study suggest ovarian hormone make drug withdrawal symptom bad woman url
1,1.0,1.0,1.0,female alcoholism time bomb url person
1,0.0,1.0,1.0,yan hong bao yi zheng fan yi wang ming zhu combinatorial method computing characteristic polynomials starlike hypergraphs url
1,1.0,1.0,1.0,glycemic control do hashtag lifestyle modification impact development cardiovascular disease patient hashtag diabete url hashtag jacc url
0,0.0,0.0,0.0,incredible scene congratulation rob person just swam english channel aid raise fund scout poldy still swim go strong follow rest incredible challenge show support here url url
0,0.0,0.0,0.0,please stop talk mexicans only one sell drug commit crime participate sex trafficking join gang url
0,0.0,0.0,0.0,holocaust survivor organize stop sharia support women march hero giving college commencement tea url
0,0.0,0.0,0.0,person trump administration make hate norm now suddenly people say just stop people bad guy same happen here enlgand brexit
0,0.0,0.0,0.0,person no honest inadequate rest affect croatia
0,0.0,0.0,0.0,late news htfp regional publisher increase cover price number weekly url url
0,0.0,0.0,0.0,global mobile group support disaster response program url
0,0.0,0.0,0.0,hashtag flashbackfriday nana ovas wedding wedding beautiful time post picture wedding hashtag flashbackfriday url url
1,1.0,0.0,0.0,good advice too many white people seem understand call police black people cause death url
0,0.0,0.0,0.0,us official directly involve helsinki summit sum plan report person person
0,0.0,0.0,0.0,also report severe flooding weber street franklin fairway url
0,0.0,0.0,0.0,disney clearing house pedophile stop give money hashtag wherearethechildren
0,0.0,0.0,0.0,ladies first preseason game boldon sports sunday kick number support edgware town ladies coop ground footscray road eltham town accadamy url
1,1.0,1.0,1.0,new study climate change cause suicide spike atlantic url
1,1.0,0.0,0.0,donate blood only help other reduce rate cancer heart disease donor help lose weight
0,0.0,0.0,0.0,hashtag trump hoodwinked develop report us israel turkey deal brunson release lead questions url
0,0.0,0.0,0.0,rain put much delivery annual constituency report renfrewshire north west hashtag erskine person url
1,1.0,1.0,1.0,current lifestyle most sleep deprive create problem mood disorder weaken immunity weight gain diabetes review number study find sleep number hour night increase risk early death number percent url
0,0.0,0.0,0.0,harvard admission suit get support asian american group url person
0,0.0,0.0,0.0,dear black community stop give person other evangelical hard time meet person thank dialogue person offer important person care want help no matter cost
1,0.0,0.0,1.0,person person love see mlcb full conference workshop genomic immunology
0,0.0,0.0,0.0,hashtag bookloversday reminder hashtag irs have number ebooks help understand taxis library card require url url
0,0.0,0.0,0.0,windsor need more people al quesnel wonderful philanthropist pledge matching challenge repair assumption church hashtag yqg hashtag philanthropy url
0,0.0,0.0,0.0,steam survey show pc gamer still mostly play low url
1,1.0,0.0,0.0,baby speak parent never know severity illness baby show minor sign struggle breathe treat emergency url
0,0.0,0.0,0.0,emoticon retweet share support person year drought person hashtag gofundme hashtag crowdfundingexposure hashtag please support url url
0,0.0,0.0,0.0,person twitter end be reality right put question be sweet right
0,0.0,0.0,0.0,person person important story camkcox shamble though andrew fix typo remind thamesgateway precursor learn url
1,1.0,1.0,1.0,brain personality provide protection emotional distress url personality trait protect individual brain symptom emotional distress namely depression anxiety hashtag psychology hashtag personality hashtag neuroscience hashtag science
0,0.0,0.0,0.0,person person person thank support also tran community preview hot af
0,0.0,0.0,0.0,person person use death john mccain bash president disgrace people there honor mccain seem be shame go pointless people disgrace embarrassment
0,0.0,0.0,0.0,huge amount interest just release more date marvel avengers sorry website error add url please try password upper low case
0,0.0,0.0,0.0,model stop traffic number hidden elements cover story url url
0,0.0,0.0,0.0,unnamed source person probably exist plan make person snap so globalist libs take claim unstable else person remain anonymous hashtag fakenew stoke again left stop
0,0.0,0.0,0.0,spiritually never triumph logic science
0,0.0,0.0,0.0,latex dress emoticon emoticon emoticon url
1,1.0,0.0,1.0,person person person person person person person person person person person person person person person person person person person person person person person person person person person person person person person person person person person person person person person person person person person person person person person person person person nobel laureate dr kary mullis bs agw climatology joke url
0,0.0,0.0,0.0,trump survey carolina storm damage give meal florence victim see more url click here hashtag usa hashtag news hashtag topnews hashtag eeuu hashtag ny
0,0.0,0.0,0.0,person person person indian want peace bt small favour stop d terrorism modi accept d talk bt army sopnsere terrorist kill number man
0,0.0,0.0,0.0,happen let employee pick much want pay company decide find science science technology science news science world tech tech world technology technology news technology world url
0,0.0,0.0,0.0,remember news report tv scary pharmaceutical commercial hashtag goldenage
1,1.0,0.0,0.0,state trauma cause norepinephrine imprint memory hippocampus yet remember hashtag confirmkavanaughnow url
0,0.0,0.0,0.0,phony christian sunday people support hateful administration then attend church phony period
0,0.0,0.0,0.0,number money month brand new fitness equipment deal miss month september offer number money month qualified buyer call stop store today set amazing offer url url
1,1.0,1.0,1.0,crow memorize people individual gait face url url
0,0.0,0.0,0.0,evidence support claim kavanaugh prosecutor says hashtag kavanaughconfirmation url
1,1.0,1.0,1.0,chiropractic treatment vision loss rare occurrence forceful manipulation neck link damaging side effect vision problem bleed eye find first publish case report chiropractic care lead multip url url
0,0.0,0.0,0.0,letter editor url url
0,0.0,0.0,0.0,friday night light park come celebrate senior night support rio elementary pto concession stand hashtag rioschool rio middle high school url
0,0.0,0.0,0.0,teenage fever mood
1,1.0,0.0,0.0,huffington post hashtag dramatic hashtag increase woman color candidate report be number percent increase woman color nominee congress study show url url
1,1.0,0.0,0.0,coffee drinking associated lower risk stroke emoticon url url
0,0.0,0.0,0.0,person raise number percent inflation currently high expect increase so much social security get number percent cola so ask take number percent look lean hashtag voteno hashtag uftcontract
0,0.0,0.0,0.0,person enable research development professional efficiently systematically answer wide range question hashtag omnity allow real time insight complex document set hashtag omtoken om
1,0.0,1.0,1.0,like much promote url
0,0.0,0.0,0.0,wave life sciences wve stock rating lowered bidaskclub url
1,1.0,1.0,1.0,fast fast mimic diet fmds lead wide alteration growth factor metabolite level generate environment reduce capability cancer cell adapt survive thus improve effect cancer therapy url
0,0.0,0.0,0.0,person hello just appreciate pass feedback driver order avoid happen again frustrating thank support
0,0.0,0.0,0.0,week charity week hypatia trust support promote woman achievement emoticon find more url person hashtag charitytuesday hashtag hypatiatrust url
1,0.0,0.0,1.0,major new funding race oral history project ucsd new institute arts humanities spooky event guide tonight vi khi nao reading sdsu more first person culture report url
0,0.0,0.0,0.0,check full interview person learn secret science education url
0,0.0,0.0,0.0,tomorrow cbi office nationwide congress party protest pm disgraceful attempt prevent investigation rafale scam remove cbi chief karnataka congress sevadal volunteer request congregate cbi office rt nagar url
0,0.0,0.0,0.0,dearest person please remember d millions people world love support unconditional other people try revile pls count blessing see d greatness goodness lord have wonderful sunday asia song emoticon lot love url
0,0.0,0.0,0.0,toronto police chief invitational committee present victim services toronto donation number money chamber proud support person co organization toronto url
0,0.0,0.0,0.0,great raffle go support regina softball get touch player stop see carolyn contact coach jake enter spread word hashtag yeahregal url
1,1.0,0.0,1.0,firstborn woman more likely overweight obese later bear sister accord study
0,0.0,0.0,0.0,native american tribe sue stop north dakota voter id law election url url
0,0.0,0.0,0.0,read world digital hashtag muse weekly roundup popular fine art week edition person report person rating person person more url
1,1.0,1.0,1.0,gasdermin d promotes inflammasome activation require host protection francisella novicida url url
0,0.0,0.0,0.0,spc tornado watch number status reports url
0,0.0,0.0,0.0,week today hashtag smallbusinesssaturday make plan shop local help support small business hashtag southie url
0,0.0,0.0,0.0,person too funny stop laugh so often have pause good laugh emoticon thank
0,0.0,0.0,0.0,yo person make coyote proof dog famous news url great job emoticon
0,0.0,0.0,0.0,person person know dog meat else support hashtag swatchhbharat
1,1.0,0.0,0.0,want think relationship reverse psychology shit emoticon
0,0.0,0.0,0.0,intermodal volume see annual gain november report iana logistics management url
0,0.0,0.0,0.0,worth note none down alliance manager jim carouso great like randy schriver trump syria withdrawal dismissal mattis remain principal promote confidence either
0,0.0,0.0,0.0,early august envelope contain eye only information send courier central intelligence agency white house content show number people president obama denis mcdonough susan rice avril haines url url
1,1.0,1.0,1.0,hashtag hashtag horizon hashtag radar help produce fast grow hashtag contaminate hashtag mutate hashtag food rid drink hashtag water url usaid agro horizon project experiment nasa url
0,0.0,0.0,0.0,person person person person machado yankee harper rather go elsewhere phillie place team think
0,0.0,0.0,0.0,trump demand report waste fraud afghanistan lock url person
1,1.0,0.0,0.0,evolution apply individual specie be benefit have certain percentage population remain outside breeding pool devote energy support clan other mean such well dotty aunt hashtag atheism url
0,0.0,0.0,0.0,person travel ban saudi arabia commit number kill journalist trump support terrorist url
0,0.0,0.0,0.0,peter ᴼᴼᴴ ᴵ ᴸᴼᵛᴱ ᵀᴴᴵˢ ᶜᴴᴬᴿᴬᶜᵀᴱᴿ show kill character peter ᴶᴼᴷᴱˢ ᵞᴼᵁ ᴵ ᴸᴵᴱᴰ show resurrect character peter ᴵ ᴸᴵᴱᴰ show kill character again peter stop do opposite viewer want
0,0.0,0.0,0.0,tsa go strike pointless need organize work stoppage happen organically anyway job entail pay invariably people stop show job exist
0,0.0,0.0,0.0,kid wear sunglass support classmate battle eye cancer url
0,0.0,0.0,0.0,imagine black publicly announce love n support jeffrat stone url
1,0.0,1.0,1.0,great article process archival research url
1,1.0,0.0,1.0,person read cardiac mri study marathon runner concern think possible thin bone well progressive myocardial scar tissue deposit concern support case varied exercise cross training
0,0.0,0.0,0.0,difficult path stop properly bestow blessing
1,1.0,1.0,1.0,study deactivate facebook account good mental health url
0,0.0,0.0,0.0,houston fan really mad kobe tell truth
0,0.0,0.0,0.0,computer contact lens allow record video surf web facial object recognition take photo url person
1,1.0,1.0,1.0,place stigma really important determinant sustainer health wellbeing inequality emphasise recently evidence house lords select committee regenerate seaside town person person url person
0,0.0,0.0,0.0,person either secretly hope draw other then reggie just want see many people want valentine day
0,0.0,0.0,0.0,person nc play hard hang tough half queens great talented team pull away half guy keep play hard team process building champions
0,0.0,0.0,0.0,go go live chill marble stream number make sure stop by watch marble winnnn
0,0.0,0.0,0.0,trump loyalty obsession lead obstruction case url
0,0.0,0.0,0.0,new senior us justice dept official report us attorney general receive report special counsel mueller end next week incorrect
0,0.0,0.0,0.0,applaud go hashtag nit srinagar hindu student all d country beat unfurl hashtag nationalflag priority go jnu support want break india person need applaud url
0,0.0,0.0,0.0,excellent point person hypocrisy astounding be people country still support thinking emoticon emoticon url
0,0.0,0.0,0.0,please send caffeine off london town today double show day lot foodie treat catch up card url url
1,0.0,1.0,1.0,modelling demand side energy policies climate change mitigation uk url
0,0.0,0.0,0.0,do number cover up ex boyfriend name today people need smarten fuck stop get boyfriend girlfriend name
0,0.0,0.0,0.0,network support technical operations centre engineer reading year basic shift allowance number percent benefit hashtag job hashtag job hashtag hiring hashtag railjobs url
0,0.0,0.0,0.0,hashtag nowhiring hashtag shuttle driver need more income deliver uber eats uber hashtag lyft hashtag postmates hashtag southdartmouth hashtag uber hashtag trucker emoticon apply now url url
0,0.0,0.0,0.0,direct consumer hashtag wine sale increase number percent number case number big grower number percent sangiovese send bottle friend order wedding oak winery shop online store url url
0,0.0,0.0,0.0,today test take moment think potential outcome respond then use process elimination make selection get hashtag shespeaks
1,1.0,0.0,0.0,please watch share powerful tedx talk apollo sevant talk social emotional learning anti bullying workshop lead reduction school bullying violence video here url
1,1.0,0.0,0.0,rt helluva drug
0,0.0,0.0,0.0,currently queensland seem fair bit support terrorist anning number bloke say more fuck wrong place
0,0.0,0.0,0.0,person person person fact scientist sister ooh superpower know man though batman well strategist fighter technique wise tough
0,0.0,0.0,0.0,emoticon account stop so please report suspend block rt ask army url
0,0.0,0.0,0.0,caq anti hijab bill affect quebecer weekend column person url hashtag qcpoli hashtag polqc hashtag assnat
0,0.0,0.0,0.0,epic brand content effort promote person person person person url hashtag ad emoticon emoticon emoticon emoticon
0,0.0,0.0,0.0,hashtag colombia poor grid isolate community receive support roll out domestic hashtag solarpv new rule unveil energy ministry emoticon emoticon hashtag solarisnow hashtag globaldev hashtag colombiahumana url
1,1.0,1.0,1.0,tourist watch number green turtle release wild indonesia bali island turtle list endangered rescue wildlife smuggler number turtle kill southeast asia particularly bali year wwf report url
1,1.0,1.0,1.0,corruption science contributes collapse modern civilization publication prejudice fraud deceptive favoritism decade scientific prejudice bias outright deceit endemic peer review scientific literature especially medical psychiatry url
1,0.0,0.0,1.0,rt person person announce investigative grant report hashtag publichealth inr month reporting assignment freedom publish medium house choice apply line start april url url
0,0.0,0.0,0.0,aww number moon also go support jongdae cute emoticon url
0,0.0,0.0,0.0,join summer digital classicist london seminar series url attend person check youtube channel url hashtag digiclass hashtag digitalhumanitie
1,1.0,0.0,0.0,person smoking cannabis help control nausea come chemotherapy drug
0,0.0,0.0,0.0,person lol nuh bus stop mean
1,1.0,0.0,1.0,biotechnology efficient stem cells grow animals url url
1,1.0,1.0,1.0,url people use marijuana need more anesthesia medical procedure endoscopy colonoscopy new study find need number percent more fentanyl number percent more midazolam number percent more propofol hashtag sciencenews url
1,1.0,1.0,1.0,person primary infection dengue hashtag zika virus affect severity heterologous secondary infection macaque url url
0,0.0,0.0,0.0,baby boy literally number stop do concept
0,0.0,0.0,0.0,very warm hashtag welcome player family friend fan person support staff arrive person hashtag essocup hashtag national female midget hashtag hockey hashtag championship run april url hashtag discoversudbury hashtag thingstodoinsudbury url
0,0.0,0.0,0.0,fan ask jinsung kim bin really camera jinsung reply sing well study hard handsome bin reply story jung jinsung somewhat pretentious url
0,0.0,0.0,0.0,get turn porn guy bust head shit lie
0,0.0,0.0,0.0,facebook twitter suspend account dissident irish republican party saoradh have support paramilitary new ira url
0,0.0,0.0,0.0,person terrible here liverpool be report plant pot fall west derby
1,0.0,0.0,1.0,person person palm person url use successfully purpose non parametric route highly recommend piece remarkably powerful statistical inference software
0,0.0,0.0,0.0,person dems need get tough fight dirty just republicans always do crisis mode drop glove stop so polite
0,0.0,0.0,0.0,unitedhealthcare help support moms babies health before delivery new bundled payment program maternity care bundle payment program launch care provider new jersey texas plan expand number url
0,0.0,0.0,0.0,person stop listen sad shit
1,0.0,0.0,1.0,join franklin first umc bioblitz saturday may franklin first umc main campus here scientist family student teacher community work together get snapshot wild space acre campus register url url
1,1.0,1.0,1.0,newly discover specie scansoriopterygid dinosaur bat like wing describe nature speciman provide further evidence dinosaur closely related bird experiment different wing structure origin flight url url
0,0.0,0.0,0.0,person person sad be reason share stop look brownie point
0,0.0,0.0,0.0,person person person person truth person person hashtag scheduledcaste atrocity conspiracy partner person person person fraud r person support url person person person person person hashtag worstplacetowork hashtag scstact
0,0.0,0.0,0.0,only tory government cut number police officer sit back watch crime soar then proudly announce recruitment number police officer big increase police officer number year url
0,0.0,0.0,0.0,hashtag nltraffic hashtag duck encounter brief traffic stop cbs bypass road evening big shout wonderful police officer emoticon emoticon emoticon url
0,0.0,0.0,0.0,new call duty video game encourage support white helmets url
0,0.0,0.0,0.0,total number money raise hashtag assembly support pikangikum miigwech support person person person url
1,1.0,0.0,0.0,strong relationship lead strong community strong community make america america read full story successbeyond front lines person url hashtag goruck url
1,1.0,0.0,0.0,person play early year so important almost complete disappearance unregulated unmonitored unsupervised free play childhood key driver increase mental health issue school help more unsupervised play long break long lunch
1,0.0,1.0,1.0,quote observe year old shaman have mortar cake cannabis remarkable find end quote url
0,0.0,0.0,0.0,soccer aid number squad millionaire kick ball ask work class support charity baffle
0,0.0,0.0,0.0,person true other carnival week more long just seem so rush
1,1.0,0.0,0.0,kefir health benefit kefir milk grains last indefinitely kefir evidence suggest probiotic alleviate many digestive problem incl irritable bowel syndrome ulcer pylori infection buy here url url
0,0.0,0.0,0.0,teacher want do old normal kid doctor pilot engineer weebs want knock truck die send isekai world have harem girl url
0,0.0,0.0,0.0,person person person have do discrimination section state ban people political opinions emoticon url facebook number conservative ban number liberal ban maybe open book sometime url
0,0.0,0.0,0.0,side effect alcohol plastic surgery emoticon
1,1.0,0.0,0.0,un eu propaganda socialist medium compare number datum build surface datum tamper temperature database fact france have record number c heat wave similar high temperature spain url
0,0.0,0.0,0.0,really wish be way stop pain
0,0.0,0.0,0.0,person number peter kjv choose generation royal priesthood holy nation peculiar people ye
1,1.0,0.0,0.0,come immigration often leave conversation united states weak gun law only put american life risk drive illegal gun trafficking violence latin america url
0,0.0,0.0,0.0,hashtag uswnt deserve equal pay man beat under boy team pay ability reward performance promote merit year old boy more able team fact care feeling url
0,0.0,0.0,0.0,emoticon say great big world emoticon never stop sad dandelion hand emoticon latch smith emoticon supermarket flower ed sheeran
1,0.0,1.0,1.0,person report release today present first time comprehensive overview cia black site network draw new datum derive unprecedented analysis senate committee study cia detention url
1,1.0,1.0,1.0,also add pile evidence thr neurological study poverty affect brain as shiwn below unprecedented study show much impact environment make url
1,0.0,1.0,1.0,post blog person person study bundle improve outcome patient community acquire pneumonia url
0,0.0,0.0,0.0,emoticon emoticon willy wonka star denise nickerson take life support url
0,0.0,0.0,0.0,new jsf page so difficult navigate
1,1.0,1.0,1.0,race ethnicity neighborhood characteristics associate bystander cardiopulmonary resuscitation pediatric url
0,0.0,0.0,0.0,person hope young man have text witness ignore cau lack proof much change title see unpaid leave enough
0,0.0,0.0,0.0,right wing fascist group support rightwe fascist surprise surprise url
0,0.0,0.0,0.0,hashtag breaking boxer collapse mgm national harbor fight die report url
0,0.0,0.0,0.0,emoticon please stop scroll emoticon get rt deal person emoticon like call fandom help out co tiddie help emoticon emoticon badly need number rt like august do rtxrt guy emoticon url
0,0.0,0.0,0.0,god week just have boy need serious massage rest god abeg let offer give boy nice treat good hotel week oh don taya oh emoticon emoticon
0,0.0,0.0,0.0,head baltimore pest control
1,0.0,1.0,1.0,person person true barely allow bathroom break abstract person summer conf available want sneak peek url
1,1.0,1.0,1.0,person person person person person person person person person person war cause indoctrination territorial indoctrination argentina almost lead war chile lead falklands war falklands argentina imaginary territory number url
1,0.0,1.0,1.0,person write year ago person sadly even more relevant today number reform address mass shooting number dedicate federal funding research number universal background check number ban assault weapon number regulate firearm safety url
0,0.0,0.0,0.0,person person matter medium have back already cover dayton shooter support democrats warren bernie completely ignore cnn other spend airtime blame el paso trump truly sick propaganda medium
1,1.0,1.0,1.0,sensory neurogenesis depend vascular neuronal cytoneme contact blood flow url hashtag morpholino
0,0.0,0.0,0.0,news number report be roman salute only salute restrict romans universal greeting day immemorial outstreche arm open hand indicate friendship still use people distance emoticon emoticon
0,0.0,0.0,0.0,student patrol fire oakland college fail alarm hashtag number person report url url
0,0.0,0.0,0.0,mem media market share size global industry analysis trends growth factors business url hashtag business hashtag sabiz
1,1.0,1.0,1.0,person person person visualization tremendous compare day long term trend bit more nuanced datum necessarily reflect report lot medium url
0,0.0,0.0,0.0,old sister god send gift
0,0.0,0.0,0.0,letter write person person person person nrai raise issue lack transparency deep discounting abuse dominant position online delivery aggregator person report url
0,0.0,0.0,0.0,person metal technical analysis value rock more technically complicated ultimately unsustainable most people prefer j mascis interpol melody
0,0.0,0.0,0.0,person wage increment number lac public sector banks pende even year directive govt negotiate agent person settlement person person person person url
0,0.0,0.0,0.0,seem boris johnson stop implement anti democratic shutdown parliament force disastrous deal british people today person continue work other party emergency legislation stop authoritarian power grab url
0,0.0,0.0,0.0,lavender bath bitch feel shit
0,0.0,0.0,0.0,unsurprisingly almost single high charge air ambulance company list below person et al own private equity kkr amercian securities url only phi air medical aitheras url
0,0.0,0.0,0.0,imagine singe communist song british parliament disgusting labour vile nasty party url
1,1.0,1.0,1.0,million child expect take part global hashtag climatestrike today important individual action face climate change url
0,0.0,0.0,0.0,website choi siwon unicef join hand stop bully viet nam url
1,1.0,1.0,1.0,load sport drink stay hydrated want reconsider read study find coca cola actually more hydrating powerade most effective hydration option oral rehydration solution milk url url
1,0.0,1.0,1.0,person agree more kudo person speak hashtag mannkibaat hashtag vapefreefuture url
1,0.0,0.0,1.0,person host frontotemporal dementia ftd information support day families carers hear academic late research support service hashtag usydbmc url
0,0.0,0.0,0.0,person there person person press conference reporter ask pay respond always respond support legalize expanded gaming put medical marijuana ballot additional resource must hashtag kygov
0,0.0,0.0,0.0,hashtag ecuador transport firm end strike fuel subsidy annulment report url
1,0.0,0.0,1.0,hashtag mentalhealthawarenessweek prof john sheehan consultant perinatal psychiatry speak manage depression bipolar disorder pregnancy postpartum period person conference sat clinician public alike url url
0,0.0,0.0,0.0,thing change friend leave life stop
1,1.0,1.0,1.0,scientist identify molecule help cell survive thrive early earth url person
0,0.0,0.0,0.0,relationship lot life get put url
0,0.0,0.0,0.0,president say guy give rex pitch wapo match report oval office meeting trump pressure kill case giuliani client reza zarrab preet bharara advise look case very carefully url
1,1.0,0.0,0.0,very first statnews byline men breast hashtag cancer have number high mortality rate woman condition advocacy group push awareness education help combat very first statnews byline men breast url
0,0.0,0.0,0.0,person person number percent increase advance voting campus compare day advance vote get voter exit last few day happen canada hashtag ppc hashtag ppcmajority hashtag hashtag ppc hashtag url
0,0.0,0.0,0.0,person person person alone take time pattern recognition often become visible nts only long game hindsight
0,0.0,0.0,0.0,hashtag rcb become first hashtag ipl team have woman support staff member hashtag hashtag yellove hashtag whistlepodu emoticon emoticon hashtag csk hashtag mi hashtag rcb hashtag virat hashtag kohli hashtag dhoni hashtag hashtag iplmeme hashtag cricket hashtag cricketlover hashtag india hashtag cskreturn url
1,1.0,0.0,0.0,impressive new surf lake bristol generate number wave hour number percent power renewable url
1,1.0,0.0,0.0,repeat maps no maps belong only comfirme establish bias anti group thus hurt growth pedophilia form mental disorder treatable pedos oppress have right protect
0,0.0,0.0,0.0,crook give psychological test url
0,0.0,0.0,0.0,truth untold stop play light turn green url
0,0.0,0.0,0.0,jfc oppose system judicial election general rule stop have election just voter elect democrats url
0,0.0,0.0,0.0,hashtag stop kill animal url
0,0.0,0.0,0.0,person congressional republicans spineless democrats care trump policy aside ilhan think genocide worthy condemn
0,0.0,0.0,0.0,person stop romantize beautiful school make have internet just way let poor people behind say democratization thing happen
0,0.0,0.0,0.0,role mental illness bring discussion play role expression mental illness language white supremacy erase language race violence
0,0.0,0.0,0.0,short dow ym setup number target number stop please note message delay number min real time message please contact info person
0,0.0,0.0,0.0,country music pair well rum lead chaotic avocado
0,0.0,0.0,0.0,person person person person person stop publish fake news well journalist
1,1.0,1.0,1.0,study find indigenous child parent promote strong sense cultural identity early childhood experience well health socio emotional outcome later life url
0,0.0,0.0,0.0,person person person stop impeachment charade get work do pass usmca america
1,0.0,1.0,1.0,discover google url
1,1.0,1.0,1.0,hashtag paper no number sun pm hashtag bpdcn commonly presents setting prior concomitant hematologic malignancies patient characteristics outcomes rapidly evolving modern targeted therapy era person person person person
0,0.0,0.0,0.0,solid minority oppose impeachment partly difficulty figure exist body impartially judge charge other think election sufficient cure treasonous criminal hashtag qanon hashtag hashtag nadler
0,0.0,0.0,0.0,minister transportation rotimi amaechi say china civil engineering construction corporation donate number money m support university transportation daura katsina state url hashtag transportation hashtag nigeria
0,0.0,0.0,0.0,christmas shopping pit stop hashtag sheffieldchristmasmarket thor tipi sheffield url
0,0.0,0.0,0.0,person person person person devs svelte person check ts support work
1,1.0,1.0,1.0,have poverty crisis low unemployment url
0,0.0,0.0,0.0,winter tipples taste go treat last night emoticon worry miss next event calendar christmas market saturday pm pm get christmas shopping do early then relax mulled wine mince pie emoticon hashtag kingston url
0,0.0,0.0,0.0,christmas boxing day road lead moshi club let drink party lots games too miss december url
0,0.0,0.0,0.0,yetsuh frank managing director be ex feature person segment nyc building emission law
0,0.0,0.0,0.0,disagree fortnite win well ongoing game personally feel amount change growth ffxiv dwarf pretty hard fortnite just seem win money allow supercede tech devs great feel be well choice
0,0.0,0.0,0.0,person hashtag georgeconway fail hashtag nevertrumpers bunch hashtag losers emoticon emoticon emoticon emoticon hashtag hashtag
1,1.0,0.0,0.0,new orleans reduce homeless population number percent url
0,0.0,0.0,0.0,person person person stupid comment edit trump make cut simple stop bs research tweet emoticon
0,0.0,0.0,0.0,job staff equipment systems engineer company united technologies location chula vista california united states hashtag chula hashtag vista hashtag marine hashtag engineering hashtag job more info url
0,0.0,0.0,0.0,domino perhaps lead secretary state rubio gaetz wobble
1,1.0,1.0,1.0,armed conflict disproportionately affect child touch aspect health physical psychological url person
0,0.0,0.0,0.0,march number black nationalist convene detroit begin process secure independence us many conclude black americans well remaining hope liberation creation sovereign nation state republic new afrika rna
0,0.0,0.0,0.0,ab yrr haar gya toh haar gya isme kya ho gya yrr haar jeet life mei hoti rehti h pretend just happen sometime chill support hashtag asimriaz hashtag number
0,0.0,0.0,0.0,break democrats congress introduce bill support fourth term abortion please rt hashtag breakingnews hashtag whatilearnedtoday hashtag putthatinyourpipe url
0,0.0,0.0,0.0,number quote person morning massive reset button future farming uk thought person url person hashtag futurefarming hashtag agriculturebill
1,0.0,1.0,1.0,discuss url
0,0.0,0.0,0.0,person person person person person person person person person person person person person money spend troll billboard go benefit do good instead marketing campaign maybe follow yeg lead buy lunch kid go top als donation support number own
0,0.0,0.0,0.0,about person szn all over again just announce new project number single drop friday emoticon emoticon person url url
1,1.0,1.0,1.0,scientist capture molecular map animal tissue unprecedented detail url general physics laboratory gpl scientist capture molecular map animal tissue unprecedented detail url url
0,0.0,0.0,0.0,person martha stop redundant bs even bolton accurate crime change thing
0,0.0,0.0,0.0,person person stop lie gun seize one give do so voluntarily number ignore demand
0,0.0,0.0,0.0,gooaall sam lafferty score just second third hashtag extend lead url
1,1.0,1.0,1.0,meditation benefit mental physical health learn more essential health wellness practice url url
1,1.0,0.0,0.0,hashtag worldwetlandsday remind nation consider nationally determined contributions fulfil hashtag climateaction plan achieve target hashtag parisagreement wetlands important carbon store function well intact hashtag wetlandbiodiversitymatter url
1,1.0,0.0,0.0,weather damage affect rail traffic several federal state url
0,0.0,0.0,0.0,donald trump promise fight lgbtq people instead administration systematically undo recent gain right protection here number example trump never support lgbtq community hashtag hashtag url
0,0.0,0.0,0.0,slave family prepare field crop production colorvision url
0,0.0,0.0,0.0,person person vermin libertarian bernie policy exact opposite libertarianism
1,0.0,0.0,1.0,congratulation person receive puskas memorial fellowship url ilinca study malaria transmission dynamic focus vector parasite interaction hashtag womeninstem person person person
0,0.0,0.0,0.0,bernie need change strategy sorry need say yes ad good start go full glove debate speech call cheating go lose
1,1.0,0.0,0.0,person person trump explicitly say sick americans go work do state mild coronavirus case still recover go daily life assertion contradict public health official recommendation manage illness
0,0.0,0.0,0.0,new url refractory person spotlight cammy kaleidoscopic film conventional prostate play become bizarre beautiful encourage viewer experiment own self pleasure full film url url
1,0.0,0.0,1.0,freeman dyson mathematical prodigy leave mark subatomic physics gain public renown writer technological visionary die url
1,1.0,0.0,0.0,person person person got houseless want have hashtag publichealth survival human specie housing healthcare hashtag coronavirus oregon homeless risk coronavirus crowded condition homeless live make more susceptible virus url
0,0.0,0.0,0.0,eg maknae maknae emoticon hyung maknae emoticon hyung line have low value compare maknae line so have hyung line much well sell successful trading less number percent
0,0.0,0.0,0.0,proud announce partnership person only clinically prove esport ready formula improve game use code directly support url url
0,0.0,0.0,0.0,person person stop report speculation attempt manufacture story
1,1.0,0.0,0.0,optimism faith lead achievement do hope confidence helen keller hashtag asimanshidebut
0,0.0,0.0,0.0,support local midwife emoticon emoticon emoticon emoticon emoticon emoticon emoticon emoticon emoticon emoticon hashtag midwife everyday put need other first step time crisis drop emoticon show support hashtag supportournursesandmidwives hashtag sierraleone url
1,1.0,1.0,1.0,terrific research yannick oswald person colleague once person begin pay attention climate impact emission comparatively rich importance fly reduction jump several step upwards sensible climate action priority rank
0,0.0,0.0,0.0,tax season here check tip help maximize return make process less tax business contact office speak plan retirement url url
0,0.0,0.0,0.0,pakistan cricket board say number hashtag test conduct player other associate psl come negative
1,1.0,1.0,1.0,often say spanish flu begin kansas usa be evidence deadly pandemic kill number people originate chinese labourer ship north america spaniards complain hashtag chinesevirus url
1,1.0,0.0,0.0,know hashtag coronavirus concern stress many hashtag hashtag socialdistancing hashtag selfisolating important look wellbeing find support mental health url url
0,0.0,0.0,0.0,person person person person person person person person person person person person person person person person person person person person please stop broadcast hashtag coronavirustaskforce press briefing take control cycle hashtag
0,0.0,0.0,0.0,person person person person person person person person person person person call bs ago dismantle committee obama create ebola sars epidemic come now blame obama have plan action number scenario truth fault own research stop drink orange koolaid mentality
0,0.0,0.0,0.0,civic saturday morning number hashtag postcardstovoter support person gorgeous new batch postcard emoticon emoticon emoticon emoticon emoticon hashtag jillforjustice hashtag gotv person person person url
1,1.0,1.0,1.0,shockingly study note involvement project only unc researcher fda representative also zhengli li shi key laboratory special pathogens biosafety wuhan institute virology chinese academy sciences wuhan china url
0,0.0,0.0,0.0,body part cover see picture rt science
0,0.0,0.0,0.0,person takumiiiii big mood though same
0,0.0,0.0,0.0,talk professional matter lead opportunity more virgo url
0,0.0,0.0,0.0,hashtag hija kamran official medium matters democracy say current law include prevention electronic crimes act threat journalist
1,1.0,0.0,0.0,music have ability repair brain damage as well return lose memory hashtag haitian hashtag music
1,0.0,0.0,1.0,canadian take number min complete stats survey impact hashtag use help asse need community implement suitable support measure pandemic become important resource future research url
1,1.0,1.0,1.0,policy social distancing use combat coronavirus have adverse effect low income nation ahmed mushfiq mobarak zachary barnett howell write url
1,1.0,0.0,0.0,turkey report low number coronavirus case second day row number case report monday down number compare previous day number number sicken march number die march person number k recovery so far
1,1.0,0.0,0.0,know eye exercise vision therapy help digital eye strain certain eye condition eye exercise strengthen weak eye muscle improve blood circulation muscle tone try eye exercise well strong vision emoticon emoticon emoticon emoticon hashtag centralamericantwitter url
0,0.0,0.0,0.0,next house ever room have bar light must person
0,0.0,0.0,0.0,tower god shounen ai stop talk rachel
0,0.0,0.0,0.0,person mature fully yet
0,0.0,0.0,0.0,twitter party baby lion let support send encouragement plan hashtag daradailylivexplan url
0,0.0,0.0,0.0,facility bring mortal remain malayalees pass away gulf country cause other make embassy gulf country chief minister shri pinarayi vijayan demand letter prime minister narendra modi url
0,0.0,0.0,0.0,enhance strength remove weakness self doubt draw earth oak strength personal sphere use draw new situation initiate new process divert difficulty sudden url
0,0.0,0.0,0.0,hashtag hashtag wedemandstipendincrement interns demand stipend increment past many year government listen demand also state government person person person person person url
0,0.0,0.0,0.0,today announce new loan scheme simple quick easy solution need small loan business apply new bounce loans maximum number money number percent turnover government pay interest first month url
1,1.0,0.0,0.0,person person person person part science illiterate overall mortality sex reassign person high follow up ahr number number percent ci control same birth sex particularly death suicide
0,0.0,0.0,0.0,person gulf news stop empolye islam hater baigan chaturvedi
0,0.0,0.0,0.0,pollen dry grass underneath
0,0.0,0.0,0.0,person person stop hoard so much throw shit away
1,1.0,1.0,1.0,durable washable textile coating repel virus new research lead safely reusable ppe url
1,1.0,0.0,0.0,person yes too ventilation very dangerous pulmonary support husband have cardiac arrest day pulmonary physician work get as soon possible otherwise body become dependent never able breath own
0,0.0,0.0,0.0,person also realme watch support number sport mode activity tracking include football basketball aerobics badminton yoga treadmill running biking mode emoticon person person hashtag hashtag realmewatch
0,0.0,0.0,0.0,timeline need more baby goat url
0,0.0,0.0,0.0,person yet peaceful protester stop prevent looter continue damage city shield protester group
0,0.0,0.0,0.0,super analysis right here dispel myth
0,0.0,0.0,0.0,reach goal engineer url
0,0.0,0.0,0.0,precaution take prevent fire explosion include appropriate protection storage vessel lpg cylinder hashtag storyyagaswebinar
0,0.0,0.0,0.0,person john harrison proud see exhibition greenwich observatory see year ago assume harrison clock still there
0,0.0,0.0,0.0,full porno kim url love more love hashtag 逃げ恥 megan big butt arab hot muslim woman fuck masturbation porn usa
0,0.0,0.0,0.0,weaponization medical language embolden white supremacy authority white coat stop happen again george floyd autopsy structural gaslighting america url person
1,0.0,1.0,1.0,article feature person hashtag community page read here url
0,0.0,0.0,0.0,person tend steer clear topic here honest be plenty forum debate away more general social medium know hard see agree much well bite tongue scroll past
1,1.0,0.0,0.0,suicide rate high lack opportunity unemployment faulty healthcare system man feel expendable lack father go address america low happiness index url
1,1.0,1.0,1.0,hope raise cancer treatment experiment halt tumour growth mouse url
1,1.0,1.0,1.0,new preprint awesome person postdoc lab person collaboration wolbachia virus alter host transcriptome interface nucleotide metabolism pathway url
0,0.0,0.0,0.0,abah get old ummi get old clock never stop tick just pray allah give enough time give show grateful sacrifice aamiin
0,0.0,0.0,0.0,person knowledge söyüncü very available lol leicester need sell hence chilwell also so expensive tagliafico just make too much sense way add havertz idc else window massive success opinion
0,0.0,0.0,0.0,person person thank yes reaction lead big move upward too so just stay chill now
0,0.0,0.0,0.0,haste silence georgians demand police accountability state legislature produce severely flawed bill substantially reduce penalty deliberately kill police officer person say hashtag gapol url hashtag gapol
1,0.0,1.0,1.0,person person please read research analysis url
0,0.0,0.0,0.0,tmh elohyim real tmh elohyim emphasize chosen few holy people different nation majority nature negropeans heavy hearted religious fanatic christians buddhist islamic judaism scientist few holy people number
0,0.0,0.0,0.0,transmog conversation always lead bunny uniform mmorpg play have hashtag rewind person
0,0.0,0.0,0.0,see disney community tweet vague post state abuse assault people list number coworker come mind think one problem disney hr do case report lead more victim
1,0.0,1.0,1.0,person find algebraic topology base analysis emergence structure activate brain come blue brain project few year ago interesting new scientist pretty terrible okay surface introduction url
0,0.0,0.0,0.0,hashtag radheshyam load decrease speed emoticon url
1,1.0,1.0,1.0,new article person burn solid fuel home heating big source hashtag airpollution small town switch clean energy source have benefit hashtag airquality hashtag climatechange also reduce impact hashtag url
0,0.0,0.0,0.0,be more jesus christ back urge use name focus ask whatsoever desire god live faith faith victory victory go url url
0,0.0,0.0,0.0,brilliant online symposium today light installation magic heritage fascinating selection speaker share knowledge technique experience such person indeed magical hashtag lightheritagemagic url
0,0.0,0.0,0.0,tiktok treats join tiktok treats win free realme mobile phone permenent mlbb skin please download tiktok url
1,1.0,1.0,1.0,person person researcher find evidence urban protest reignite city have protest see increase social distancing behavior overall population lead modest evidence small long run case growth decline url
0,0.0,0.0,0.0,new age initiative new face fanism fellowship die hard chiyaan vikram fan kerala person follow support emoticon hashtag vikramtrendskerala emoticon hashtag chiyaanvikram url
1,1.0,1.0,1.0,new study emphasise extraordinary degree covid fatality concentrate old people young middle aged url person
1,1.0,0.0,0.0,person ok try cancel here hot take cause vocal disagreement vietnamese le duan strategically competent run war badly giap well still exactly military genius load error cost many life still win though
0,0.0,0.0,0.0,streamer support other think competition
1,1.0,0.0,0.0,hcq save life non doctor google twitter facebook try stop people get really help people certainly help louie gohmert newsmax tv want just die hcq save url
1,1.0,0.0,0.0,today el paso department health report number death high single day increase death occur same day url
0,0.0,0.0,0.0,person person murder time person person person person person person person hashtag sanjayraut person person person person stop dupe nation number hashtag lowerclass hashtag middleclass person url
1,0.0,1.0,1.0,france mayer bring poor back inequality welfare politics european political science pp number url url
1,1.0,1.0,1.0,scientist discover way make quantum state number time long url hashtag computerscience
0,0.0,0.0,0.0,person increase number covert murder
1,1.0,0.0,1.0,australia victoria report low rise case month url source ewn
0,0.0,0.0,0.0,wish other badluck clearly inhumane act wrong ask support lisa issue too always put mind just word obligation protect defend number absolutely loss humanity kpop url
0,0.0,0.0,0.0,be biometric tell
0,0.0,0.0,0.0,upper west side resident furious consider sue new york city homeless increase new york url hashtag smartnews
0,0.0,0.0,0.0,go say have bad report yet
0,0.0,0.0,0.0,msu athletics partner michigan department state local election official promote civic engagement prior presidential election partnership initiative already underway url
1,1.0,0.0,0.0,difference smoking obesity treat produce roughly similar result public health obesity bad now fascinating
0,0.0,0.0,0.0,hashtag usdcad september short pullback daily bearish rejection support number pip number number percent trade reverse start new week make high high stop trade september bad trade just successful url
0,0.0,0.0,0.0,ever see number titans attack other nontitan try intervene so amazing turn non titan emoticon emoticon emoticon emoticon titans vibe hashtag mybesttachapics url
0,0.0,0.0,0.0,election law sometimes robotically apply harsh result mindful deadline rule associate petition discretionary use objection disqualify potential candidate john url url
0,0.0,0.0,0.0,yejin back place stop vote other fandom sure vote hard favs now thei emoticon emoticon url
1,1.0,1.0,1.0,grow number otherwise well people develop form ptsd administration cheerleader malevolence contempt life comprehension url
1,1.0,0.0,1.0,montana press really need run story first term congressman reject evolution dismiss science climate change recently promote idea herd immunity solution coronavirus pandemic url person
0,0.0,0.0,0.0,person person config depend vpn solution essence ensure cm client use cmg mu management traffic be reason configmgr go vpn period url
0,0.0,0.0,0.0,teach anti white stop hate hashtag education
0,0.0,0.0,0.0,chilean abuse survivor fear covid crisis stop investigation accuse clergy person url
0,0.0,0.0,0.0,just yet heat start fast quarter then shot stop fall stop stop come boston beat miami heat lead ecf game number game sunday
0,0.0,0.0,0.0,hmph kidding have dynamite body really have time do modeling bite low lip
1,1.0,1.0,1.0,multifarious nature damage mean treatment cardiac issue infection require tailor approach url
1,0.0,1.0,1.0,finally person phenome wide mendelian randomization map influence plasma proteome complex disease url come nice query tool url hashtag proteomic hashtag pqtl
0,0.0,0.0,0.0,person person person person person person person please pass payroll support program extensionact hr now furlough need job essential worker emoticon emoticon emoticon emoticon emoticon
1,1.0,0.0,1.0,priority future research impact covid suicide self harm role inequality feature economic regional ethnic know effect overall number become key question
1,1.0,0.0,0.0,person person person person person trans people support only trans people ask lesbians date site infest man buy thinking persuade so goodnight
0,0.0,0.0,0.0,celebs support hashtag sanakhan decision quit showbiz url
0,0.0,0.0,0.0,day stop spread democratic socialism
0,0.0,0.0,0.0,congratulation sir seewoosagur ramgoolam international airport mauritius become hashtag ahaaccredite programme promote recognition professional excellence maintain safe hygienic facility learn more url person person url
0,0.0,0.0,0.0,black kpop stan feel unsafe scared emoticon that alone reason uproar community
1,0.0,0.0,1.0,person endorse person stand let science undermine joe biden trust truth evidence science democracy make only choice us election url
0,0.0,0.0,0.0,urgently required extend due date annual audit due date dec tax audit return date dec routine notice compliance dateto please support share retweet person person person person person
1,1.0,0.0,0.0,person question many death really covid like say early flu case drop number percent year seriously doubt flu virus just disappear have feeling covid death flu relate
0,0.0,0.0,0.0,pro tip white politician diminish bipoc woman working class experience just do
0,0.0,0.0,0.0,person person number unemployed pay work age wonder bingo girl appreciate quick full house covid need stop put random people street pedestal wisdom have sensible thought life
1,1.0,0.0,0.0,pandemic over incorrect information cost life undermine effort control virus protect most risk today make hashtag pledgetopause share information online join url
1,0.0,1.0,1.0,research use twitter scientist emoticon number simple rule start twitter scientist url hashtag academictwitter hashtag sciencetwitter hashtag howto
0,0.0,0.0,0.0,ploy boz stop folk trick treating get sit home wait stupid head
1,1.0,1.0,1.0,number new case hashtag report today ontario day average trend still rise url hashtag url
0,0.0,0.0,0.0,person stop spread lie
0,0.0,0.0,0.0,mean white people stop watch netflix documentary now racism go
0,0.0,0.0,0.0,kaiser stop lurk useless expect tribute next minute block
1,1.0,1.0,1.0,lack monetary price negative consequence burn fossil fuel see subsidy fossil fuel key finding imf paper large global fossil fuel subsidies url url
1,1.0,1.0,1.0,risk associate use hashtag benzodiazepine remain use more widely wisely read all hashtag drugsafety article here url
0,0.0,0.0,0.0,person number time high report official figure emoticon emoticon emoticon
1,1.0,1.0,1.0,person none trial currently way design detect reduction serious outcome such hospital admission use intensive care death vaccine study determine interrupt transmission virus url
0,0.0,0.0,0.0,sugar daddy thing make care hustling boyfriend look very foolish emoticon emoticon emoticon emoticon know pain go research say rice dey repair phone emoticon emoticon emoticon
0,0.0,0.0,0.0,mayor person about start news conference talk number city staff report come one advocate vacant home tax transit update tweet highlight
1,1.0,1.0,1.0,tightly weave blood vessel solid tumor tough celluar therapy penetrate person research find combine car t cell therapy inhibitor drug allow engineer cell break attack tumor url
1,1.0,1.0,1.0,association prescribed opioid receipt community acquired pneumonia adult systematic review meta analysis url
0,0.0,0.0,0.0,celebrity that promote vaccine hold accountable harm cause
1,0.0,1.0,1.0,number systematic review who contradict claim thread url url url who next tweet yet craft message promote fear harm kid decade have number rt unbelievable
0,0.0,0.0,0.0,tayriana stan stop win year url
1,0.0,0.0,1.0,look great opportunity get research wash publish mentorship available too special issue number journal url person hashtag washtwitter hashtag wash hashtag sanitation hashtag water hashtag hygiene hashtag sdg
1,0.0,0.0,1.0,highly prestigious competitive award fund european union support scholar pursue ground break research make number edinburgh academic person url
0,0.0,0.0,0.0,hashtag somali mediation jihadist dozo hunter stop violence axadle url url
0,0.0,0.0,0.0,person wroter facist rag support kying facist leader tell new
1,0.0,1.0,1.0,vestislav apostolov david calderbank eveline legendre weighted k stability polarize variety extremality sasaki manifold url url
1,1.0,0.0,0.0,person person sorry have number number dead covid total death actually low yr yrs before do research own quit believe hear news
0,0.0,0.0,0.0,dear hashtag nin applicant kindly download enrolment form below emoticon url fill submit form person enrollment center enrol national identity database issue national identification number hashtag digitalnigeria
0,0.0,0.0,0.0,uber support team email address
0,0.0,0.0,0.0,house pass bill increase stimulus check number money url
0,0.0,0.0,0.0,person hashtag renjun deserve well treatment hashtag please treat renjun fairly
